"id","Product Title","Product Price","Product Original Price","Product Discount","Product URL","Product Image","Product Rating","Store Name","Store URL","Store ID","Total Sales","Ship From","Store Member ID","Trade Info","Sold Count","Shipping","Launch Time","Company Name"
"3256811915378552","Blue Maltose Squishy Toy, Soft Simulated Transparent Slow Rising Sensory Fidget, Anti Stress Decompression Toy","US $20.15","US $47.18","57%","https://aliexpress.com/item/3256811915378552.html","https://ae-pic-a1.aliexpress-media.com/kf/S2c37da43d5bf42438f16d332df83bd02h.jpg","4.9","Not Available","Not Available","Not Available","Not Available","US","Not Available","10,000+ sold","10000","Free","2026-04-16 0:00:00","Not Available"
"3256811752028966","3D Cartoon Cube Squishy Toy, Slow Rising Simulation Cube Squeeze Toy, Soft Sensory Stress Ball Fidget Toy for Kids Adults Gift","US $5.90","US $13.40","55%","https://aliexpress.com/item/3256811752028966.html","https://ae-pic-a1.aliexpress-media.com/kf/S21ac5c0d977543f09bcad086e3a1838cJ.jpg","4.9","Not Available","Not Available","Not Available","Not Available","US","Not Available","10,000+ sold","10000","Free","2026-03-27 0:00:00","Not Available"
"3256811986668906","Marble Swirl Squishy Fidget Toy StressRelief Hand Squeeze Toy Portable SealedSensory Toys Anti Anxiety Hand ExerciseFidget Gifts","US $4.02","US $9.84","59%","https://aliexpress.com/item/3256811986668906.html","https://ae-pic-a1.aliexpress-media.com/kf/S48c97c1969964a5cb676bf27d9c9e8108.png","4.9","Not Available","Not Available","Not Available","Not Available","US","Not Available","10,000+ sold","10000","Free","2026-04-25 0:00:00","Not Available"
"3256812252479335","Squishy Soap Stress Relief Sensory Fidget Toys Squishy Soft Simulated Soap Squeeze Toy Anti-Stress Slow Rebound Squeeze Pinch","US $6.13","US $12.26","50%","https://aliexpress.com/item/3256812252479335.html","https://ae-pic-a1.aliexpress-media.com/kf/Sd1dec64fcdc94f6f81a88ebe290ff8f6s.jpg","4.9","Not Available","Not Available","Not Available","Not Available","US","Not Available","10,000+ sold","10000","Free","2026-06-03 0:00:00","Not Available"
"3256811990993317","Ice Cube Squishy Fidget Toy, Soft Resilient Stress Relief Squeeze Cube Toy, Automatic Rebound Sensory Anxiety Relief Toy, Non-Toxic Portable Desk Fidget Nee Doh Cube for Kids Adults Classroom Office Relax Gift Random Multicolor Pudding Toy","US $5.81","US $15.84","63%","https://aliexpress.com/item/3256811990993317.html","https://ae-pic-a1.aliexpress-media.com/kf/Sa9e6f38c157849a1a4cf3476dc68eacfh.png","4.9","Not Available","Not Available","Not Available","Not Available","US","Not Available","10,000+ sold","10000","Free","2026-04-25 0:00:00","Not Available"
"3256812188052198","Handmade Crispy Mango Stress Ball Squeeze Toy, Color-Changing Mango Squishy Fidget Ball, ASMR Sensory Stress Relief Toy","US $5.53","US $12.28","54%","https://aliexpress.com/item/3256812188052198.html","https://ae-pic-a1.aliexpress-media.com/kf/Sd654a0917aad4b68ad14f63ff5992179N.jpg","4.9","Not Available","Not Available","Not Available","Not Available","US","Not Available","10,000+ sold","10000","Free","2026-05-25 0:00:00","Not Available"
"3256812035471701","Blue Maltose Squishy Toy, Cute Mochi Anti Stress Fidget, Soft Simulated Transparent Ball Quick Rebound Decompression Toy","US $19.69","US $49.22","59%","https://aliexpress.com/item/3256812035471701.html","https://ae-pic-a1.aliexpress-media.com/kf/Sca45272ab350499c8508b0dc29db0494t.jpg","4.9","Not Available","Not Available","Not Available","Not Available","US","Not Available","10,000+ sold","10000","Free","2026-05-03 0:00:00","Not Available"
"3256812035537422","Kawaii Pink Bread Squeeze Toy, Slow Rising Scented Squishy with Honey Cream Aroma, Soft Sensory Fidget Toy for Stress Relief, Valentine Easter Gift for Girls Teens (Random)","US $5.90","US $14.66","59%","https://aliexpress.com/item/3256812035537422.html","https://ae-pic-a1.aliexpress-media.com/kf/S34b4f1d2cc4e4d87905f2befbf66ce23t.jpg","4.9","Not Available","Not Available","Not Available","Not Available","US","Not Available","10,000+ sold","10000","Free","2026-05-03 0:00:00","Not Available"
"3256811755335453","2pcs Colorful Taba Grass Ball Squishy Toy Slow Rising Maltose Gel Squeeze Toy Textured Fidget Stress Ball ADHD Anxiety Relief Kids Adults Office Desk Decor Birthday Christmas Halloween Thanksgiving New Year Party Favors Gift Stocking Stuffers","US $5.72","US $14.99","61%","https://aliexpress.com/item/3256811755335453.html","https://ae-pic-a1.aliexpress-media.com/kf/Sb89a64b0e8464176a4d764a831af0e01K.jpg","4.9","Not Available","Not Available","Not Available","Not Available","US","Not Available","10,000+ sold","10000","Free","2026-03-27 0:00:00","Not Available"
"3256811990979396","1PC TPR Soft Pinch Sensory Squishy Stress Relax Squeeze Toy, Adult Entertainment Game, Office Party Favors Festival Gifts","US $19.38","US $48.23","59%","https://aliexpress.com/item/3256811990979396.html","https://ae-pic-a1.aliexpress-media.com/kf/S935f315594a240c19b55f077ea02601dG.jpg","4.9","Not Available","Not Available","Not Available","Not Available","US","Not Available","10,000+ sold","10000","Free","2026-04-25 0:00:00","Not Available"
"3256811843511007","1PC Super Soft Butter Toast Squishy Toy, Slow Rising Bread Squeeze Toy, Sensory Fidget for Stress Relief, Cute Desktop Decor Gift","US $4.99","US $12.42","59%","https://aliexpress.com/item/3256811843511007.html","https://ae-pic-a1.aliexpress-media.com/kf/S9cf4102617224d7da36650bc3743f953k.jpg","4.9","Not Available","Not Available","Not Available","Not Available","US","Not Available","10,000+ sold","10000","Free","2026-04-07 0:00:00","Not Available"
"3256811986650984","Adult Sensory Stress Squeeze Toy Squishy Relax Toys Durable PU Material for Classroom Office Party Favors Entertainment Games","US $8.50","US $21.54","60%","https://aliexpress.com/item/3256811986650984.html","https://ae-pic-a1.aliexpress-media.com/kf/S38b6e92290e44a94a1962a4296448a3fv.jpg","4.9","Not Available","Not Available","Not Available","Not Available","US","Not Available","10,000+ sold","10000","Free","2026-04-25 0:00:00","Not Available"
"3256812076693937","Soft Slow Rising Squishy Ball, Anti-Stress Decompression Fidget Toy for Adults & Kids, Sensory Stress Relief Gift for Office Home","US $19.52","US $48.56","59%","https://aliexpress.com/item/3256812076693937.html","https://ae-pic-a1.aliexpress-media.com/kf/S16b0235cba4f449ba8313ee3507e65f09.jpg","4.9","Not Available","Not Available","Not Available","Not Available","US","Not Available","10,000+ sold","10000","Free","2026-05-09 0:00:00","Not Available"
"3256812332955200","10Pcs Cute White Bear Mochi Squishies Set Soft Doughy Squeeze Animal Toy Kawaii Mini Sensory Fidget Pack Decompression Anti Stress Toys Kids Student Classroom Prizes School Rewards Birthday Christmas Stocking Stuffers Easter Basket Fillers Halloween","US $5.61","US $14.66","61%","https://aliexpress.com/item/3256812332955200.html","https://ae-pic-a1.aliexpress-media.com/kf/Sdc8e131bf9fe425198b6bfc4c43c7de5Y.jpg","4.9","Not Available","Not Available","Not Available","Not Available","US","Not Available","5,000+ sold","5000","Free","2026-06-15 0:00:00","Not Available"
"3256812247887056","New Maltose Cage Squishy Toy Moldable Slow Rising Squeeze Ball High Plasticity Dough-Like Venting Toy Sensory Fidget Toy for Kids Adults Stress Relief","US $6.16","US $14.01","55%","https://aliexpress.com/item/3256812247887056.html","https://ae-pic-a1.aliexpress-media.com/kf/S2af325e7e3064b8d898d9fcf72dede54I.jpg","4.9","Not Available","Not Available","Not Available","Not Available","US","Not Available","5,000+ sold","5000","Free","2026-06-03 0:00:00","Not Available"
"3256812031920937","2026 Nee-Doh Nice Cube Stress Cube Squishy Fidget Kids Adults - Glow in The Dark Whale Squish Toy SensoryStress Balls","US $5.69","US $15.00","62%","https://aliexpress.com/item/3256812031920937.html","https://ae-pic-a1.aliexpress-media.com/kf/Sef95e76d88324f5a8072046ae21a9f8e2.png","4.9","Not Available","Not Available","Not Available","Not Available","US","Not Available","5,000+ sold","5000","Free","2026-05-03 0:00:00","Not Available"
"3256812072127207","Random Slow Rising Squishy Set, Cheese Bun Dumpling Bread Bear Squeeze Toys, Sensory Stress Relief for Adults","US $19.06","US $48.20","60%","https://aliexpress.com/item/3256812072127207.html","https://ae-pic-a1.aliexpress-media.com/kf/S4317fc8ce37b4468a3a8c9556a1f3dcai.jpg","4.9","Not Available","Not Available","Not Available","Not Available","US","Not Available","5,000+ sold","5000","Free","2026-05-09 0:00:00","Not Available"
"3256812072302663","Cloud Shaped Gradient Bread Squishy Toy, Realistic Fluffy Bakery Fake Food Stretchable Squeeze Fidget Toy, Golden Yellow Bun Stress Relief Anti-Anxiety Vent Sensory Squishy Toy,Bakery Theme Birthday Party Favor Gift for Kids Teens Girls Adults","US $5.12","US $15.33","66%","https://aliexpress.com/item/3256812072302663.html","https://ae-pic-a1.aliexpress-media.com/kf/Sdebd5d6d939c43e489b48ebe3589352cm.jpg","4.9","Not Available","Not Available","Not Available","Not Available","US","Not Available","5,000+ sold","5000","Free","2026-05-09 0:00:00","Not Available"
"3256812031920957","Curiosities Sugar Swaps Squishie Large Sparkly Squishy Toys Squeezing,Collecting & Trading,","US $5.23","US $12.84","59%","https://aliexpress.com/item/3256812031920957.html","https://ae-pic-a1.aliexpress-media.com/kf/S268b1d14437749cd809dcd5995c6f0288.png","4.9","Not Available","Not Available","Not Available","Not Available","US","Not Available","5,000+ sold","5000","Free","2026-05-03 0:00:00","Not Available"
"3256812076837421","Schylling Needoh Nice Cube Sensory Nice-Sicle Stress Relief Squishy Cube Anti-Anxiety Squeeze Object For Focus ADHD Population","US $16.76","US $38.77","56%","https://aliexpress.com/item/3256812076837421.html","https://ae-pic-a1.aliexpress-media.com/kf/S48745213d1b1453598f4788daf198a8cp.jpg","4.9","Not Available","Not Available","Not Available","Not Available","US","Not Available","5,000+ sold","5000","Free","2026-05-09 0:00:00","Not Available"
"3256812247922916","Schylling Needoh Atomic Stress Relief Ball squishies toy blind box Adult Party Gift Tool stress relief toy fidget toys","US $16.29","US $37.48","56%","https://aliexpress.com/item/3256812247922916.html","https://ae-pic-a1.aliexpress-media.com/kf/S44c6fa43fa2e46058d74941c1c40024ao.jpg","4.9","Not Available","Not Available","Not Available","Not Available","US","Not Available","5,000+ sold","5000","Free","2026-06-03 0:00:00","Not Available"
"3256812184412699","Squishy Simulated Square Bread Squeeze Toy Stress Relief Slow Rising Small Toast Sensory Fidget Toys for Anxiety ADHD Kids Adult","US $20.04","US $49.86","59%","https://aliexpress.com/item/3256812184412699.html","https://ae-pic-a1.aliexpress-media.com/kf/S3b428b0ccde749d7b464688a164d5b75L.jpg","4.9","Not Available","Not Available","Not Available","Not Available","US","Not Available","5,000+ sold","5000","Free","2026-05-25 0:00:00","Not Available"
"3256812407842177","Cute Food Series Spitting Bubbles Squishy Squeeze Toys Anxiety Stress Relief Sensory Antistress Toys For Adults Kids Toys Gifts","US $5.55","US $12.76","56%","https://aliexpress.com/item/3256812407842177.html","https://ae-pic-a1.aliexpress-media.com/kf/Sff6db65c0b61460bba946bdb61341c1fB.png","4.9","Not Available","Not Available","Not Available","Not Available","US","Not Available","5,000+ sold","5000","Free","2026-06-25 0:00:00","Not Available"
"3256812408041596","2026 New Rilakkuma Silicone Bear Carrot Squeeze Slow Rebound Portable Stress Relief Toy Squishy Toys Squishies","US $4.91","US $14.67","66%","https://aliexpress.com/item/3256812408041596.html","https://ae-pic-a1.aliexpress-media.com/kf/S09b203a91c1e4befa9c250bcbeebe5c0Y.jpg","4.9","Not Available","Not Available","Not Available","Not Available","US","Not Available","5,000+ sold","5000","Free","2026-06-25 0:00:00","Not Available"
"3256812122297564","New Teenie Cool Cats 4 Pack Adorable Mini Cat Fidget Toys Soft Squishy Stress Relief Sensory Squeeze Toys For Adults","US $8.81","US $19.49","54%","https://aliexpress.com/item/3256812122297564.html","https://ae-pic-a1.aliexpress-media.com/kf/S5133e23ee89c4d1299047b893c89934cs.jpg","4.9","Not Available","Not Available","Not Available","Not Available","US","Not Available","4,000+ sold","4000","Free","2026-05-15 0:00:00","Not Available"
"3256812288596689","Handmade Watermelon Slushy Squishy Toy Soft Slow Rebound Stress Relief Squeeze Toy Realistic Fruit Simulation Model Adult Gift","US $19.57","US $48.68","59%","https://aliexpress.com/item/3256812288596689.html","https://ae-pic-a1.aliexpress-media.com/kf/S7261fbd631384c97a469f70f0bdad7b2u.jpg","4.9","Not Available","Not Available","Not Available","Not Available","US","Not Available","4,000+ sold","4000","Free","2026-06-09 0:00:00","Not Available"
"3256812332961155","100+ Pieces Assorted Squishy Figures Blind Box Surprise Toys, Slow Rising Soft Fidget Toys Featuring Giant Gorilla, Moai Head, P","US $19.19","US $42.18","54%","https://aliexpress.com/item/3256812332961155.html","https://ae-pic-a1.aliexpress-media.com/kf/Sd861df689ef544daa334a2dbfbbbb82ek.jpg","4.9","Not Available","Not Available","Not Available","Not Available","US","Not Available","4,000+ sold","4000","Free","2026-06-17 0:00:00","Not Available"
"3256812252441424","Soft Slow Rising Toast Squishy Sensory Stress Relief Fidget Toy Sticky Squeeze Cute Novelty Gift for Kids Adults","US $3.98","US $11.92","66%","https://aliexpress.com/item/3256812252441424.html","https://ae-pic-a1.aliexpress-media.com/kf/Sccc88df8f5f24b87bf47d558b3d21d59b.jpg","4.9","Not Available","Not Available","Not Available","Not Available","US","Not Available","4,000+ sold","4000","Free","2026-06-03 0:00:00","Not Available"
"3256812293206224","Moist Strawberry Milk Chocolate Cake Bread Squishy Toys Slow Rising Fidget Toy Sensory for Stress Relief Squeeze for Kids Adults","US $5.80","US $13.18","55%","https://aliexpress.com/item/3256812293206224.html","https://ae-pic-a1.aliexpress-media.com/kf/Sc4e486665e7d4d1b94eb129a909b78035.jpg","4.9","Not Available","Not Available","Not Available","Not Available","US","Not Available","4,000+ sold","4000","Free","2026-06-09 0:00:00","Not Available"
"3256812076751698","The Rainbow Bead Pressure Reducing Ball Squishy Fidget Toys Funny Stress Reliever Reduce Pressure Prop for Childrens and Adults","US $3.47","US $6.95","50%","https://aliexpress.com/item/3256812076751698.html","https://ae-pic-a1.aliexpress-media.com/kf/Se7f58b422c284318959ac40d4e5b90a31.jpg","4.9","Not Available","Not Available","Not Available","Not Available","US","Not Available","4,000+ sold","4000","Free","2026-05-09 0:00:00","Not Available"
"3256811621510163","Pinch Squeeze Squishy Simulated Milk Bread Non-Toxic Stress Relief Slow Rising Toy Gifts Super Soft Sensory Fidget","US $5.66","US $12.86","55%","https://aliexpress.com/item/3256811621510163.html","https://ae-pic-a1.aliexpress-media.com/kf/S0bd7334217dc414982d69603ff6a9720c.png","4.9","Not Available","Not Available","Not Available","Not Available","US","Not Available","3,000+ sold","3000","Free","2026-03-06 0:00:00","Not Available"
"3256812076642074","1Pc Grape Cube Squishy Toy Soft Gel Squeeze Fidget Ball Fingertip Sensory Anti Stress Decompression Desk Ornament Classroom Reward Christmas Halloween Thanksgiving Gift Random Color","US $6.02","US $14.99","59%","https://aliexpress.com/item/3256812076642074.html","https://ae-pic-a1.aliexpress-media.com/kf/Sc72e558c70b24c8f8e6d71d537205243e.jpg","4.9","Not Available","Not Available","Not Available","Not Available","US","Not Available","3,000+ sold","3000","Free","2026-05-09 0:00:00","Not Available"
"3256812252399552","Squishy Stress Ball, Food Shaped Moldable Non-Bounce, Soft Slow Rising ASMR Sensory Fidget Toy for Kids Adults Gift","US $20.95","US $51.35","59%","https://aliexpress.com/item/3256812252399552.html","https://ae-pic-a1.aliexpress-media.com/kf/Sda7680a9b1be4d5d8b694f4eeee4535aZ.jpg","4.9","Not Available","Not Available","Not Available","Not Available","US","Not Available","3,000+ sold","3000","Free","2026-06-03 0:00:00","Not Available"
"3256812252501291","1pcs Stretchy Shark/Dolphin Squeeze Balls, Stress Relief Toys, Stretchable Squeeze Balls, Squeeze Stress Balls, Birthday Party Favors, Swimming Pool Toys, Piñata Fillers, Random Styles","US $4.81","US $10.95","56%","https://aliexpress.com/item/3256812252501291.html","https://ae-pic-a1.aliexpress-media.com/kf/S284afedd7786402198643447092fb00d9.jpg","4.9","Not Available","Not Available","Not Available","Not Available","US","Not Available","3,000+ sold","3000","Free","2026-06-03 0:00:00","Not Available"
"3256812252415453","Soap Ball Squishy Soap Stress Ball Fidget Toy Crunchy Squeeze Ball Round Blocks Filled ASMR Anti Stress Toys for Adults","US $7.21","US $16.38","55%","https://aliexpress.com/item/3256812252415453.html","https://ae-pic-a1.aliexpress-media.com/kf/Sa6611748bd6b414ba95c211a7388fd0dx.jpg","4.9","Not Available","Not Available","Not Available","Not Available","US","Not Available","3,000+ sold","3000","Free","2026-06-03 0:00:00","Not Available"
"3256811844336106","Cute Hamburger Squishy Stress Relief Toy Soft Mochi Squeeze Fidget Toy 8cm Simulated Burger Anti Anxiety Squeeze Toy Desk Decor Funny Gift for Kids Adults","US $6.16","US $15.32","59%","https://aliexpress.com/item/3256811844336106.html","https://ae-pic-a1.aliexpress-media.com/kf/S75e244234b8f4686a69b81fbc38cfb4dp.jpg","4.9","Not Available","Not Available","Not Available","Not Available","US","Not Available","3,000+ sold","3000","Free","2026-04-07 0:00:00","Not Available"
"3256812248044583","New Smushers Squishy Pinch Slow Rebound Soft Decompression Pressure Ball Office Home Decoration Children Adult Funny Gifts","US $14.66","US $32.59","55%","https://aliexpress.com/item/3256812248044583.html","https://ae-pic-a1.aliexpress-media.com/kf/S03abeeff0bde482c9e6a707b4506e639P.jpg","4.9","Not Available","Not Available","Not Available","Not Available","US","Not Available","3,000+ sold","3000","Free","2026-06-03 0:00:00","Not Available"
"3256812252253926","1PC Water-Filled Potato Squishy Toy, Soft Slow Rising Stress Ball, Liquid Sensory Fidget for Anxiety Relief, Cute Gift for Friends","US $6.75","US $15.00","55%","https://aliexpress.com/item/3256812252253926.html","https://ae-pic-a1.aliexpress-media.com/kf/Sf456cbf5157942e2bd4a2e29c0b0f906c.jpg","4.9","Not Available","Not Available","Not Available","Not Available","US","Not Available","3,000+ sold","3000","Free","2026-06-03 0:00:00","Not Available"
"3256812333198501","Moldable Squishy Pearl Coconut Oil Squeeze Toy Moldable Stress Ball Squishy Toy Slow Rising Decompression Sensory Toy for Adult","US $5.84","US $14.34","59%","https://aliexpress.com/item/3256812333198501.html","https://ae-pic-a1.aliexpress-media.com/kf/S6e88dbe4cf5c4bdca7936126de5caa03w.jpg","4.9","Not Available","Not Available","Not Available","Not Available","US","Not Available","2,000+ sold","2000","Free","2026-06-15 0:00:00","Not Available"
"3256812293299953","Cute Fried Egg Toast Squishy Slow Rising Stress Relief Toy, Soft Squeeze Bread Fidget Toy, Funny Simulation Food Decompression Squishies, Kids Adults Anxiety Relief Sensory Toy, Novelty Christmas Birthday Gift Decor","US $5.80","US $17.34","66%","https://aliexpress.com/item/3256812293299953.html","https://ae-pic-a1.aliexpress-media.com/kf/Se9d1247f7b2b4475a9d4bd915c1c7386M.jpg","4.9","Not Available","Not Available","Not Available","Not Available","US","Not Available","2,000+ sold","2000","Free","2026-06-09 0:00:00","Not Available"
"3256812184293100","Cute Transparent Octopus Squishy Stress Relief Toy with Sequins Pearls, Soft Squeeze Fidget Sensory Toy for Adults Kids, Portable Animal Decompression Squeeze Ball Gift for Office Home Party","US $5.13","US $11.67","55%","https://aliexpress.com/item/3256812184293100.html","https://ae-pic-a1.aliexpress-media.com/kf/S8b6309f0622f43e8b48afe82f195eda4m.jpg","4.9","Not Available","Not Available","Not Available","Not Available","US","Not Available","2,000+ sold","2000","Free","2026-05-25 0:00:00","Not Available"
"3256812247884991","Realistic Mashed Potato Squishy Ball, Textured Soft Slow Rising, Crinkle Sound ASMR Stress Relief Squeeze Fidget Toy for Adults","US $18.64","US $43.40","57%","https://aliexpress.com/item/3256812247884991.html","https://ae-pic-a1.aliexpress-media.com/kf/S83f129aef45249989ee8c7b46fae9b9eL.jpg","4.9","Not Available","Not Available","Not Available","Not Available","US","Not Available","2,000+ sold","2000","Free","2026-06-03 0:00:00","Not Available"
"3256812184454646","Realistic Peeled Banana Squishy Toy, Soft Stress Relief Squeeze Ball Unique Fruit Themed Gift for Singles","US $4.83","US $13.44","64%","https://aliexpress.com/item/3256812184454646.html","https://ae-pic-a1.aliexpress-media.com/kf/S51e44be3c0d444c99e7fc48d0fa7a3f1P.jpg","4.9","Not Available","Not Available","Not Available","Not Available","US","Not Available","2,000+ sold","2000","Free","2026-05-25 0:00:00","Not Available"
"3256812247940800","Realistic Bread Shaped Squishy Toy 1Pc, Jumbo Soft Slow Rising Food Squeeze Sensory Fidget Toy for Kids ADHD Stress Relief, Classroom Rewards Easter Gift","US $4.90","US $12.82","61%","https://aliexpress.com/item/3256812247940800.html","https://ae-pic-a1.aliexpress-media.com/kf/S65ff039a4b264b22a82ebd3d5053f1ffT.jpg","4.9","Not Available","Not Available","Not Available","Not Available","US","Not Available","2,000+ sold","2000","Free","2026-06-03 0:00:00","Not Available"
"3256812247920912","1PC Cute Octopus Squishy Toy, Slow Rising Bubble Squeeze Toy, Soft Sensory Fidget Stress Ball for Kids Adults, Birthday Party Favor","US $4.42","US $10.99","59%","https://aliexpress.com/item/3256812247920912.html","https://ae-pic-a1.aliexpress-media.com/kf/Sd47381daed4c402580ea482e083b49e6o.jpg","4.9","Not Available","Not Available","Not Available","Not Available","US","Not Available","2,000+ sold","2000","Free","2026-06-03 0:00:00","Not Available"
"3256812288475024","Lunch Box Squishy JOKE Bear Kawaii Squishy Toys Bag Cute KEY Pendant Pinching Squeezeing Decompression Toy Party Birthday Gifts","US $3.87","US $8.80","56%","https://aliexpress.com/item/3256812288475024.html","https://ae-pic-a1.aliexpress-media.com/kf/S603d21e7676746d197ca562758520f70O.jpg","4.9","Not Available","Not Available","Not Available","Not Available","US","Not Available","2,000+ sold","2000","Free","2026-06-09 0:00:00","Not Available"
"3256812247976765","2026 Hot Cute Cube & Ocean Squishy Blind Box, Random Surprise Squeeze Toys, 1Pcs Guaranteed Lucky Stress Relief Fidget Toy Set","US $8.40","US $20.37","58%","https://aliexpress.com/item/3256812247976765.html","https://ae-pic-a1.aliexpress-media.com/kf/S0602ab46c7b541fda1322836c000ff8fk.jpg","4.9","Not Available","Not Available","Not Available","Not Available","US","Not Available","2,000+ sold","2000","Free","2026-06-03 0:00:00","Not Available"
"3256812252495307","Cute Yellow Chick Squishy Squeeze Toy Soft Stress Relief Fidget Plaything Ideal Holiday Party Gift For Children Adults Leisure Play","US $11.06","US $29.30","62%","https://aliexpress.com/item/3256812252495307.html","https://ae-pic-a1.aliexpress-media.com/kf/S0658048e1c894d0f8f6b0935d4a90d83H.jpg","4.9","Not Available","Not Available","Not Available","Not Available","US","Not Available","1,000+ sold","1000","Free","2026-06-03 0:00:00","Not Available"
"3256812076783666","1Pc Random Ice Cube Snowflake Squishy Squeeze Toy Soft Slow Rising Sensory Fidget Calming Anti Stress Relief Anxiety Office Desk Classroom Prize Kids Adults Halloween Christmas Gift Party Favors Goody Bag Filler","US $4.80","US $14.34","66%","https://aliexpress.com/item/3256812076783666.html","https://ae-pic-a1.aliexpress-media.com/kf/S977c7d6d72404bd28e6f984260ab55e4F.jpg","4.9","Not Available","Not Available","Not Available","Not Available","US","Not Available","1,000+ sold","1000","Free","2026-05-09 0:00:00","Not Available"
"3256812076657941","Slow Rebound Xylitol Squishy Ball, Handmade Sensory Fidget Toy, Stress Relief for ADHD, Hand Exercise & Focus","US $6.23","US $14.16","56%","https://aliexpress.com/item/3256812076657941.html","https://ae-pic-a1.aliexpress-media.com/kf/Seea9418a5ce44b4cb9e666581469f68dM.jpeg","4.9","Not Available","Not Available","Not Available","Not Available","US","Not Available","1,000+ sold","1000","Free","2026-05-09 0:00:00","Not Available"
"3256812332917227","1PC Liquid Motion Egg Yolk Squishy Toy, Soft Slow Rising Stress Ball with Bubble, Sensory Fidget for Anxiety Relief, Cute Desk Gift (Random Color)","US $5.24","US $15.67","66%","https://aliexpress.com/item/3256812332917227.html","https://ae-pic-a1.aliexpress-media.com/kf/Sfef0b37e97c94a95a2dad91162c49c31j.jpg","4.9","Not Available","Not Available","Not Available","Not Available","US","Not Available","1,000+ sold","1000","Free","2026-06-15 0:00:00","Not Available"
"3256812072344471","1pc Soft Banana Pinch Toy,Taba Squishy Banana Stress Relief Toy,Squishy Desk Accessory For Anxiety & Relaxation, Fun Gift For Teens & Adults,Children's Party Favor, Gift Bag Filler,Relax Fidget Toy For Halloween, Thanksgiving,Christmas Gifts","US $4.57","US $12.04","62%","https://aliexpress.com/item/3256812072344471.html","https://ae-pic-a1.aliexpress-media.com/kf/S62c8c9d1b5034fc988a4fcd64a01d7418.jpg","4.9","Not Available","Not Available","Not Available","Not Available","US","Not Available","1,000+ sold","1000","Free","2026-05-09 0:00:00","Not Available"
"3256812252226116","Cute Squishy Squeeze Toy Pig Dog Plush Stress Relief Fidget Toy Desktop Ornament Party Favor Gift For Adults","US $4.88","US $12.86","62%","https://aliexpress.com/item/3256812252226116.html","https://ae-pic-a1.aliexpress-media.com/kf/S6b127536c0af488d98b693fc69cfe97bY.jpg","4.9","Not Available","Not Available","Not Available","Not Available","US","Not Available","1,000+ sold","1000","Free","2026-06-03 0:00:00","Not Available"
"3256812252463402","Taba Squishy Strawberry Blueberry Soufflé Stress Relief Toy Sensory Fidget Toys for Kids Adults Anxiety Relaxation, Squeeze Gift","US $5.47","US $12.16","55%","https://aliexpress.com/item/3256812252463402.html","https://ae-pic-a1.aliexpress-media.com/kf/S76124b62fddd49f08da12e01aebe72211.jpg","4.9","Not Available","Not Available","Not Available","Not Available","US","Not Available","1,000+ sold","1000","Free","2026-06-03 0:00:00","Not Available"
"3256812076614149","Slow Rebound Capybara Squishy Toy, Malt Candy Mochi Fidget, Stress Relief Sensory Toy, Interactive Gift for All Ages","US $18.73","US $46.60","59%","https://aliexpress.com/item/3256812076614149.html","https://ae-pic-a1.aliexpress-media.com/kf/Sbfe40173b01945f0a06dedb98ae09b28T.jpg","4.9","Not Available","Not Available","Not Available","Not Available","US","Not Available","1,000+ sold","1000","Free","2026-05-09 0:00:00","Not Available"
"3256811986718789","Squishy Blue Maltose Squeeze Toy Transparent Mochi Sensory Fidget Toy Coconut Oil Ball Slow-rebound Decompression Toy X-mas Gift","US $5.95","US $13.69","56%","https://aliexpress.com/item/3256811986718789.html","https://ae-pic-a1.aliexpress-media.com/kf/S05eb462178d642609b42f71d1fa7a663U.png","4.9","Not Available","Not Available","Not Available","Not Available","US","Not Available","1,000+ sold","1000","Free","2026-04-25 0:00:00","Not Available"
"3256811986578676","1Pc Cute Capybara Squeeze Toy, Soft Animal Squishy Sensory Fidget Toy for Kids Teens Adults Stress Relief, Kawaii Office Desk Toy, Christmas Birthday Gift Stocking Stuffers","US $5.01","US $15.00","66%","https://aliexpress.com/item/3256811986578676.html","https://ae-pic-a1.aliexpress-media.com/kf/S2a031ad3113d49abb952327d21436f9av.jpg","4.9","Not Available","Not Available","Not Available","Not Available","US","Not Available","1,000+ sold","1000","Free","2026-04-25 0:00:00","Not Available"
"3256812035535389","Soft Pineapple Shaped Squeeze Toy, Cute Squishy Sensory Fidget Toy for Stress Relief, Kids Birthday Present, Christmas Stocking Stuffers Halloween Gift","US $5.62","US $14.48","61%","https://aliexpress.com/item/3256812035535389.html","https://ae-pic-a1.aliexpress-media.com/kf/S3197c59c35884e60b0085c24ce7da10dN.jpg","4.9","Not Available","Not Available","Not Available","Not Available","US","Not Available","1,000+ sold","1000","Free","2026-05-03 0:00:00","Not Available"
"3256812332909188","NeeDoh Dippin Dazzler Egg Donut prank stress relief toy soft glue vinyl squeeze toy Slow Rebound Pinch Ornament Relaxation","US $7.45","US $19.13","61%","https://aliexpress.com/item/3256812332909188.html","https://ae-pic-a1.aliexpress-media.com/kf/S04e9c62e3fa54926b3563d614027872el.jpg","4.9","Not Available","Not Available","Not Available","Not Available","US","Not Available","1,000+ sold","1000","Free","2026-06-17 0:00:00","Not Available"
"3256812072220819","Squishy Needoh Nice Cube Sensory Fidget Cube Stress Relief Anxiety Sensory Tool for Focus ADHD & Office Desk Calming Gadget","US $9.84","US $22.37","55%","https://aliexpress.com/item/3256812072220819.html","https://ae-pic-a1.aliexpress-media.com/kf/S6f02f611b7f142beb6526273d63d645eM.jpg","4.9","Not Available","Not Available","Not Available","Not Available","US","Not Available","1,000+ sold","1000","Free","2026-05-09 0:00:00","Not Available"
"3256812402656459","HOT 2026 Kawaii Food & Ocean Squishy Blind Box, Assorted Cartoon Mystery Lucky Surprise Set, 3 Independent Random Draws, Collectible Slow Rebound Squishy Toy, Soft Maltose Sensory Decompression Fidget Gift","US $7.65","US $18.60","58%","https://aliexpress.com/item/3256812402656459.html","https://ae-pic-a1.aliexpress-media.com/kf/Sd8ecc59cb8bd4fa094de1c30b9e157dfc.jpg","4.9","Not Available","Not Available","Not Available","Not Available","US","Not Available","4,000+ sold","4000","Free","2026-06-25 0:00:00","Not Available"
"3256812402540730","1pc Sticky Tomato Stress Ball, Realistic Tomato Squeeze Fidget Toy, Stick & Restore Memory Squishy Toy, Sticky Wall Decompression Toy for Teens Adults","US $5.74","US $13.04","55%","https://aliexpress.com/item/3256812402540730.html","https://ae-pic-a1.aliexpress-media.com/kf/Sd3373d1b0a334a969c0e54aadd32ff78U.jpg","4.9","Not Available","Not Available","Not Available","Not Available","US","Not Available","2,000+ sold","2000","Free","2026-06-25 0:00:00","Not Available"
"3256812402724254","1PC Yogurt Cake Squishy Toy, PU Slow Rising Simulation Food Pinch, Soft Moist Stress Relief Fidget for Kids Adults Gift","US $4.82","US $15.33","68%","https://aliexpress.com/item/3256812402724254.html","https://ae-pic-a1.aliexpress-media.com/kf/S0366ad8284744f20a1f639ad133ae926S.jpg","4.9","Not Available","Not Available","Not Available","Not Available","US","Not Available","1,000+ sold","1000","Free","2026-06-25 0:00:00","Not Available"
"3256812407870024","Squishy Rilakkuma dumpling with soft butter texture! Dumpling bear about 185g, cute sensory stress-relief toy, squeeze and play","US $6.82","US $17.86","61%","https://aliexpress.com/item/3256812407870024.html","https://ae-pic-a1.aliexpress-media.com/kf/Sa8844d5528d0470cb4b76fd5f9dbb367n.jpg","4.9","Not Available","Not Available","Not Available","Not Available","US","Not Available","1,000+ sold","1000","Free","2026-06-25 0:00:00","Not Available"
"3256812408085556","1PC Soap slow rebound Squishy super wet soft tender feel decompression pinch music simulation toy","US $6.20","US $14.09","55%","https://aliexpress.com/item/3256812408085556.html","https://ae-pic-a1.aliexpress-media.com/kf/S18a100e033ce4b6986b35ac6d5dd700fG.jpg","4.9","Not Available","Not Available","Not Available","Not Available","US","Not Available","1,000+ sold","1000","Free","2026-06-25 0:00:00","Not Available"
"3256812407997726","Soft and Squishy Slow-Fermented Stress-Relief Toy—Ultra-Soft Realistic Food, Creative Bread-Themed Toy, Anxiety-Relief Toy","US $5.08","US $13.30","61%","https://aliexpress.com/item/3256812407997726.html","https://ae-pic-a1.aliexpress-media.com/kf/S997814a5b1e94f78b5ff386ed02581ee3.jpg","4.9","Not Available","Not Available","Not Available","Not Available","US","Not Available","1,000+ sold","1000","Free","2026-06-25 0:00:00","Not Available"
"3256811990955599","Cute Face Sticky Squishy Toy, Soft TPU Squeeze Fidget, Kawaii Stress Relief Desk Toy, Kids Birthday Party Favors Gift","US $3.92","US $11.76","66%","https://aliexpress.com/item/3256811990955599.html","https://ae-pic-a1.aliexpress-media.com/kf/Sb2b799b0e651458fa4933da8474d2c965.jpg","4.9","Not Available","Not Available","Not Available","Not Available","US","Not Available","1,000+ sold","1000","Free","2026-04-25 0:00:00","Not Available"
"3256811919482066","1Pc Creative Simulation Banana Squishy Toy Slow Rising Soft Fruit Squeeze Fidget Toy Tactile Sensory Anti Anxiety Stress Relief Decompression Toy Adults Kids Office Desk Decor Funny Gag Gift Birthday Party Favors","US $5.87","US $14.99","60%","https://aliexpress.com/item/3256811919482066.html","https://ae-pic-a1.aliexpress-media.com/kf/S9113b15d7c1846d7b662396bf801f937x.jpg","4.9","Not Available","Not Available","Not Available","Not Available","US","Not Available","1,000+ sold","1000","Free","2026-04-16 0:00:00","Not Available"
"3256812076793546","6cm Rice Ball Squeeze Stress Ball Fidget Toy, Transparent Rice Beads Black Sesame Squishy Ball, Soft Squeeze Relief Anxiety Sensory Toy for Adults Kids Office Home Decompression Gift","US $5.42","US $12.69","57%","https://aliexpress.com/item/3256812076793546.html","https://ae-pic-a1.aliexpress-media.com/kf/S919ab2777fd641b587e54581a71d844cd.jpg","4.9","Not Available","Not Available","Not Available","Not Available","US","Not Available","1,000+ sold","1000","Free","2026-05-09 0:00:00","Not Available"
"3256812252489298","Mystery Blind Box Squishy Toy – Slow Rising Soft Mochi Fidget, Squeeze Stress Relief Sensory Gadget, Cute Gift for Teens Adults Kids","US $20.51","US $41.02","50%","https://aliexpress.com/item/3256812252489298.html","https://ae-pic-a1.aliexpress-media.com/kf/Sb875bfd9a2a446ea8d90907d5894f00am.jpg","4.9","Not Available","Not Available","Not Available","Not Available","US","Not Available","900+ sold","900","Free","2026-06-03 0:00:00","Not Available"
"3256812252411492","Sticky TPR Cute Cat Cheese Bread Pressure Relief Soft Squishy Fingertip Toy Relieving Squeeze Decompression Slow Rebound Toy","US $12.46","US $28.68","56%","https://aliexpress.com/item/3256812252411492.html","https://ae-pic-a1.aliexpress-media.com/kf/S79a716fbb7234616b4f085395886a96eC.png","4.9","Not Available","Not Available","Not Available","Not Available","US","Not Available","900+ sold","900","Free","2026-06-03 0:00:00","Not Available"
"3256812031905021","1Pc Slow Rising Watermelon Squishy Squeeze Toy Simulation Fruit Fidget Toy Soft Stress Relief Decompression Toy Novelty Birthday Gift for Boys Girls","US $6.94","US $15.97","56%","https://aliexpress.com/item/3256812031905021.html","https://ae-pic-a1.aliexpress-media.com/kf/S5c965a1969b64430b36d193d3f1e5c024.jpg","4.9","Not Available","Not Available","Not Available","Not Available","US","Not Available","900+ sold","900","Free","2026-05-03 0:00:00","Not Available"
"3256812076829532","Soft Lychee Shaped Squishy Toy, Portable Stress Relief Squeeze Ball, Ideal Desk Decor & Anxiety Relief Fidget Toy","US $19.13","US $47.58","59%","https://aliexpress.com/item/3256812076829532.html","https://ae-pic-a1.aliexpress-media.com/kf/S43c32ae9869b4ae1b7444054b9e75897d.jpg","4.9","Not Available","Not Available","Not Available","Not Available","US","Not Available","900+ sold","900","Free","2026-05-09 0:00:00","Not Available"
"3256812248044597","Cute Simulation Durian Squishy Toy, Multi Color Prickly Fruit Slow Rebound Stretchable Squeeze Fidget Toy, Soft High Elastic Stress Relief Anti-Anxiety Hand Squeeze Toy for Kids Teens Adults","US $5.24","US $15.67","66%","https://aliexpress.com/item/3256812248044597.html","https://ae-pic-a1.aliexpress-media.com/kf/S6980c12907754493bb5eef47e77d2512X.jpg","4.9","Not Available","Not Available","Not Available","Not Available","US","Not Available","900+ sold","900","Free","2026-06-03 0:00:00","Not Available"
"3256812188233567","Cute Glitter Clear Squishy Rabbit Fidget Toy Transparent Sparkle Bunny Squeeze Stress Relief Toy Kawaii Animal Soft Squeeze Toy for Kids Adults Anxiety Relief Desktop Decor Gift Random Color","US $3.80","US $11.38","66%","https://aliexpress.com/item/3256812188233567.html","https://ae-pic-a1.aliexpress-media.com/kf/S56c541bf5d0845ab89b82032e06c6a6ay.jpg","4.9","Not Available","Not Available","Not Available","Not Available","US","Not Available","800+ sold","800","Free","2026-05-25 0:00:00","Not Available"
"3256812293270056","Cute Cookie Squeeze Toy Soft Stress Relief Squishy Toy Colorful Sprinkles Biscuit Fidget Toy Kids Gift Anti-Anxiety Squeeze Sensory Toy","US $5.90","US $14.66","59%","https://aliexpress.com/item/3256812293270056.html","https://ae-pic-a1.aliexpress-media.com/kf/Sbba4724236d94a25bc386c029b18cb50l.jpg","4.9","Not Available","Not Available","Not Available","Not Available","US","Not Available","800+ sold","800","Free","2026-06-09 0:00:00","Not Available"
"3256812035384110","Kawaii Cute Taba Squishy Squeeze Toy Soft Slow Rising Sensory Fidget Anti Stress Relief Anxiety Relaxation Office Desk Decor Kids Adults Birthday Christmas Gift Party Favors Goody Bag Filler","US $5.01","US $15.00","66%","https://aliexpress.com/item/3256812035384110.html","https://ae-pic-a1.aliexpress-media.com/kf/S71b000991b824325b0af3e28d4ef8ab9w.jpg","4.9","Not Available","Not Available","Not Available","Not Available","US","Not Available","800+ sold","800","Free","2026-05-03 0:00:00","Not Available"
"3256812248136349","2026 Hot Cute Cube & Ocean Squishy Blind Box, Random Surprise Squeeze Toys, 1Pcs Guaranteed Lucky Stress Relief Fidget Toy Set","US $6.42","US $14.60","56%","https://aliexpress.com/item/3256812248136349.html","https://ae-pic-a1.aliexpress-media.com/kf/S127d605f894144779f28a6414a9545c1Q.jpg","4.9","Not Available","Not Available","Not Available","Not Available","US","Not Available","800+ sold","800","Free","2026-06-03 0:00:00","Not Available"
"3256812402558672","Mini Glitter Dumpling Squishes Stress Relief Toy With Dumplings Steamer Fidget Sensory Squeeze Ball Simulation Food Squishy Bun","US $3.69","US $9.65","61%","https://aliexpress.com/item/3256812402558672.html","https://ae-pic-a1.aliexpress-media.com/kf/S185700d9cc2241a3939ca006527d62d24.jpg","4.9","Not Available","Not Available","Not Available","Not Available","US","Not Available","700+ sold","700","Free","2026-06-25 0:00:00","Not Available"
"3256812293367732","HOT! Cute Giant Chick Squishy Toy Slow-Rising Stress Relief & Sensory Fidget Toy for Kids and Adults Anxiety ADHD Autism Relief","US $5.25","US $11.93","56%","https://aliexpress.com/item/3256812293367732.html","https://ae-pic-a1.aliexpress-media.com/kf/S2145d4c7a91a4804a29956cd07e42f96e.jpg","4.9","Not Available","Not Available","Not Available","Not Available","US","Not Available","700+ sold","700","Free","2026-06-09 0:00:00","Not Available"
"3256812402506771","2Pcs LED Flashing Stress Relief Toys, Squeeze Water Droplet Mochi Squishy Fidget Toy for Kids Adults, Christmas Stocking Stuffers Halloween Party Favors (Random Color & Style)","US $5.01","US $15.00","66%","https://aliexpress.com/item/3256812402506771.html","https://ae-pic-a1.aliexpress-media.com/kf/S8c2dbbd5dc76498c989fbcb0acd4d0fdf.jpg","4.9","Not Available","Not Available","Not Available","Not Available","US","Not Available","700+ sold","700","Free","2026-06-25 0:00:00","Not Available"
"3256812333116681","Jumbo Popcorn Anti-Stress Squishy Slow Rising Squeeze Toys Fun Gags Joke Party PropsEaster Gift 12*8CM","US $5.56","US $12.81","56%","https://aliexpress.com/item/3256812333116681.html","https://ae-pic-a1.aliexpress-media.com/kf/Sa8c89a1236034cc8a983fa0a630a01cfD.jpg","4.9","Not Available","Not Available","Not Available","Not Available","US","Not Available","700+ sold","700","Free","2026-06-15 0:00:00","Not Available"
"3256812247837203","Soft Maltose Dumpling Squishy Toy, Transparent Colorful ASMR Squeeze, Stress Relief Ball, Sensory Fidget for Kids Adults","US $28.13","US $73.65","61%","https://aliexpress.com/item/3256812247837203.html","https://ae-pic-a1.aliexpress-media.com/kf/Sc6650351a3e44863952c36a379c880a7r.jpg","4.9","Not Available","Not Available","Not Available","Not Available","US","Not Available","700+ sold","700","Free","2026-06-03 0:00:00","Not Available"
"3256812252196136","1Pc Cute Realistic Carrot Vegetable Squishy Squeeze Fidget Toy Slow Rising Sensory Decompression Anti Stress Toys Kids Student Classroom Prizes School Rewards Birthday Christmas Stocking Stuffers Party Favor Goodie Bag Fillers","US $4.91","US $14.67","66%","https://aliexpress.com/item/3256812252196136.html","https://ae-pic-a1.aliexpress-media.com/kf/S45b2d7c9122641288b8af949e55cc6699.jpg","4.9","Not Available","Not Available","Not Available","Not Available","US","Not Available","600+ sold","600","Free","2026-06-03 0:00:00","Not Available"
"3256812402474817","New Soap Ball Squishy Soap Stress Ball Fidget Toy Crunchy Squeeze Ball Round Blocks Filled ASMR Anti Stress Toys For Adults","US $6.05","US $15.84","61%","https://aliexpress.com/item/3256812402474817.html","https://ae-pic-a1.aliexpress-media.com/kf/S821b1b13b26641909720a86fe3d78908m.jpg","4.9","Not Available","Not Available","Not Available","Not Available","US","Not Available","600+ sold","600","Free","2026-06-25 0:00:00","Not Available"
"3256812117897018","Y2K Hippie Peace Heart Squishy Toy, Mochi Squeeze Fidget Toy With Floating Star Glitter, Embossed PEACE Letter Stress Relief Anti-Anxiety Sensory Vent Toy,Novelty Valentines Birthday Party Favor Gift for Teens Girls Kids Adults","US $4.20","US $16.79","75%","https://aliexpress.com/item/3256812117897018.html","https://ae-pic-a1.aliexpress-media.com/kf/S2c2a88b8323844a1a7117546257d5288M.jpg","4.9","Not Available","Not Available","Not Available","Not Available","US","Not Available","600+ sold","600","Free","2026-05-15 0:00:00","Not Available"
"3256812407800237","Handmade Vaseline Watermelon Smoothie Stress Ball Watermelon Smoothie Squeeze Toy Squishy Stress Relieving Toys Home Decor Gifts","US $6.59","US $15.17","56%","https://aliexpress.com/item/3256812407800237.html","https://ae-pic-a1.aliexpress-media.com/kf/S9dfaff15922d45b8bce49cdc188149079.png","4.9","Not Available","Not Available","Not Available","Not Available","US","Not Available","500+ sold","500","Free","2026-06-25 0:00:00","Not Available"
"3256812333294275","Squishy Simulated Bread Squeeze Toy Soft Stress Relief Slow Rising Sensory Fidget Toys for Anxiety ADHD Autism","US $7.21","US $19.09","62%","https://aliexpress.com/item/3256812333294275.html","https://ae-pic-a1.aliexpress-media.com/kf/Sf81e749faf6a46a5912f039e75c9190aZ.jpg","4.9","Not Available","Not Available","Not Available","Not Available","US","Not Available","500+ sold","500","Free","2026-06-15 0:00:00","Not Available"
"3256812407953731","Jumbo Pickle Squishy Toy With Calming Sensory Experience Pickle Squishy Toys Fruit Squeeze Sensory Fidget Soft Texture And Funny Design For Teens Student Office Home","US $11.17","US $25.39","55%","https://aliexpress.com/item/3256812407953731.html","https://ae-pic-a1.aliexpress-media.com/kf/S9342c7093c504a039c07a205ff6c6e9dN.jpg","4.9","Not Available","Not Available","Not Available","Not Available","US","Not Available","500+ sold","500","Free","2026-06-25 0:00:00","Not Available"
"3256812337777439","Large Size Rice Cake Mochi Squishy Toy, Big Chewy Sticky Slow Rising Cheese Strip Squeeze Fidget Toy, Pink White Speckled Fake Dessert Stress Relief Anti-Anxiety Toy, Cute Desk Decor Gift for Teens Adults Kids 1pack.","US $6.35","US $16.62","61%","https://aliexpress.com/item/3256812337777439.html","https://ae-pic-a1.aliexpress-media.com/kf/Sebe609c68e35465094191f24a8d403459.jpg","4.9","Not Available","Not Available","Not Available","Not Available","US","Not Available","500+ sold","500","Free","2026-06-15 0:00:00","Not Available"
"3256812293309939","Cute Squishy Totoro Bread Fidgets Toys Soft kitty Bread Venting Squeeze Toy Relieve Anxiety Anti Stress Toy for Adults Gift","US $4.42","US $13.20","66%","https://aliexpress.com/item/3256812293309939.html","https://ae-pic-a1.aliexpress-media.com/kf/S045e8add257f49a4a8302df83b30e5d5d.jpg","4.9","Not Available","Not Available","Not Available","Not Available","US","Not Available","500+ sold","500","Free","2026-06-09 0:00:00","Not Available"
"3256812252248008","Butter Squishy Toy, Slow Rising Squishy Butter Squeeze Sensory Toy for Adults to Alleviate Anxiety and Reduce Stress","US $5.36","US $13.34","59%","https://aliexpress.com/item/3256812252248008.html","https://ae-pic-a1.aliexpress-media.com/kf/Sc0cc30feeb0847d58b52d93b7804d461c.png","4.9","Not Available","Not Available","Not Available","Not Available","US","Not Available","484 sold","484","Free","2026-06-03 0:00:00","Not Available"
"3256812247996651","Creative decompression simulation egg pinching music TPR slow rebound toy prank stress relief","US $6.74","US $15.32","56%","https://aliexpress.com/item/3256812247996651.html","https://ae-pic-a1.aliexpress-media.com/kf/S3e31472211e74253a21f26b6ffd6faf19.jpg","4.9","Not Available","Not Available","Not Available","Not Available","US","Not Available","465 sold","465","Free","2026-06-03 0:00:00","Not Available"
"3256812293381725","Realistic Carrot Squishy Toy, Soft Slow Rising Vegetable Squeeze Sensory Fidget for Stress Anxiety Relief, Kids Adults Office Desk Toy, Easter Basket Stuffers Christmas Birthday Gift","US $5.61","US $14.66","61%","https://aliexpress.com/item/3256812293381725.html","https://ae-pic-a1.aliexpress-media.com/kf/Sdc555eb42034418f9b38e28ec58a758aM.jpg","4.9","Not Available","Not Available","Not Available","Not Available","US","Not Available","456 sold","456","Free","2026-06-09 0:00:00","Not Available"
"3256812407933780","Squishy Toys - Sensory Squeeze - Sensory Play, ideal for all festivals, a must-have stress reliever and perfect as small desktop ornaments","US $5.36","US $14.01","61%","https://aliexpress.com/item/3256812407933780.html","https://ae-pic-a1.aliexpress-media.com/kf/S09f8336ee81d40279da27556af19553eJ.jpg","4.9","Not Available","Not Available","Not Available","Not Available","US","Not Available","446 sold","446","Free","2026-06-25 0:00:00","Not Available"
"3256812252303765","1Pack Cute Axolotl Hedgehog Squeeze Toy Soft Malt Sugar Squishy Ball Sensory Fidget Anti Anxiety Stress Relief Decompression Toys Kids Teens Adults Office Desk Decor Birthday Christmas Gift Halloween Party Favors Goodie Bag Fillers Random Style","US $4.86","US $15.00","67%","https://aliexpress.com/item/3256812252303765.html","https://ae-pic-a1.aliexpress-media.com/kf/S9b39a225288f4878a55cd0fa7866228eu.jpg","4.9","Not Available","Not Available","Not Available","Not Available","US","Not Available","437 sold","437","Free","2026-06-03 0:00:00","Not Available"
"3256812252228188","Limited-Time Offer Cute Summer Themed Mystery Squishy Box Single Soft Squeeze Leisure Lucky Gift","US $8.28","US $21.67","61%","https://aliexpress.com/item/3256812252228188.html","https://ae-pic-a1.aliexpress-media.com/kf/S11aaeffbf2564d3b920b082311a601f9S.jpg","4.9","Not Available","Not Available","Not Available","Not Available","US","Not Available","434 sold","434","Free","2026-06-03 0:00:00","Not Available"
"3256811752468549","Chocolate Cake Squishy Slow Rebound Squeeze Toy Soft Cute Waffle Healing Funny Autism Sensory Toys For Kids Cookie","US $6.36","US $14.65","56%","https://aliexpress.com/item/3256811752468549.html","https://ae-pic-a1.aliexpress-media.com/kf/S5f02b6d04bdc4969a1f5f3b763ef1bbfB.jpg","4.9","Not Available","Not Available","Not Available","Not Available","US","Not Available","429 sold","429","Free","2026-03-27 0:00:00","Not Available"
"3256812288600655","New Smushers Squishy Pinch Slow Rebound Soft Decompression Pressure Ball Office Home Decoration Children Adult Funny Gifts","US $3.66","US $14.66","75%","https://aliexpress.com/item/3256812288600655.html","https://ae-pic-a1.aliexpress-media.com/kf/Seae290964cbc4231b620a15c50a0bd417.png","4.9","Not Available","Not Available","Not Available","Not Available","US","Not Available","426 sold","426","Free","2026-06-09 0:00:00","Not Available"
"3256812072157117","1Pc Kawaii Aesthetic Pearl Squishy Ball Swirl Texture Slow Rising Crunchy Squeeze Ball ASMR Fidget Toys Sensory Anti Stress Decompression Toy Kids Adults Shiny Office Desk Decor Birthday Gift Party Favors Classroom Prizes Goodie Bag Fillers","US $4.58","US $11.99","61%","https://aliexpress.com/item/3256812072157117.html","https://ae-pic-a1.aliexpress-media.com/kf/Se28c36481bd7407fb134cf980ab4b171z.jpg","4.9","Not Available","Not Available","Not Available","Not Available","US","Not Available","424 sold","424","Free","2026-05-09 0:00:00","Not Available"
"3256812337663670","Stress Ball, Colorful Bead Tomato Squeeze, Office Desk Decompression Sensory Fidget for Anxiety Relief Gift","US $3.89","US $10.18","61%","https://aliexpress.com/item/3256812337663670.html","https://ae-pic-a1.aliexpress-media.com/kf/S59195cefb95747f0933aac8409f094e2e.jpg","4.9","Not Available","Not Available","Not Available","Not Available","US","Not Available","390 sold","390","Free","2026-06-15 0:00:00","Not Available"
"3256812032008617","Cute Weird Foot Squishy Stress Relief Toy, Soft Stretch High Elastic Squeeze Fidget Toy, Funny Tongue Foot Shaped Decompression Toy, Prank Party Novelty Gift, Desktop Decor for Adults Teens, Halloween Christmas Holiday Present","US $5.31","US $12.06","55%","https://aliexpress.com/item/3256812032008617.html","https://ae-pic-a1.aliexpress-media.com/kf/Sca3b77f6722f42a8b7ddfa8874700692N.jpg","4.9","Not Available","Not Available","Not Available","Not Available","US","Not Available","368 sold","368","Free","2026-05-03 0:00:00","Not Available"
"3256812125698266","Pink Maltose Squishy Toys Mochi Anti Stress Sensory Fidget Toy Soft Simulated Transparent Maltose Slow-rebound Decompression Toy","US $5.64","US $19.03","70%","https://aliexpress.com/item/3256812125698266.html","https://ae-pic-a1.aliexpress-media.com/kf/S9b024af7f0ea439d8a38c00ae20d8f82U.jpg","4.4","Not Available","Not Available","Not Available","Not Available","US","Not Available","333 sold","333","Free","2026-05-16 0:00:00","Not Available"
"3256812117928888","Random Color Realistic Cake Squishy Kawaii Dessert Squeeze Toy Soft Slow Rising Sensory Fidget Anti Stress Relief Anxiety Office Desk Decor Kids Adults Birthday Christmas Gift Party Favors Goody Bag Filler","US $5.90","US $14.66","59%","https://aliexpress.com/item/3256812117928888.html","https://ae-pic-a1.aliexpress-media.com/kf/Se68346e021d64cd0b1bab5c1267d7888n.jpg","4.9","Not Available","Not Available","Not Available","Not Available","US","Not Available","298 sold","298","Free","2026-05-15 0:00:00","Not Available"
"3256812252343663","Surprise blind box mystery gift Realistic Butter Shaped Squishy Toy Scented Slow Rising Stress Relief Fidget Toy Stress Relief Fidget Toy","US $11.37","US $28.65","60%","https://aliexpress.com/item/3256812252343663.html","https://ae-pic-a1.aliexpress-media.com/kf/Sa21d3a2f065a4b1a94bd57b825fc9d2bB.jpg","4.9","Not Available","Not Available","Not Available","Not Available","US","Not Available","285 sold","285","Free","2026-06-03 0:00:00","Not Available"
"3256812072306640","Cute Red Pomegranate Squeeze Stress Ball Fidget Toy, Bead Filled Crunchy Squishy Squeeze Toy, Portable 6×7cm Fruit Shaped Anxiety Relief Sensory Toy for Adults Kids Home Desktop Decor Gift","US $4.77","US $12.51","61%","https://aliexpress.com/item/3256812072306640.html","https://ae-pic-a1.aliexpress-media.com/kf/Sfd3c541752434a558ccde1089471533e5.jpg","4.9","Not Available","Not Available","Not Available","Not Available","US","Not Available","285 sold","285","Free","2026-05-09 0:00:00","Not Available"
"3256811986776382","1Pc Kawaii Stretchy Jellyfish Squishy Toy Soft Elastic Ocean Squeeze Fidget Toys Sensory Anti Stress Decompression Toy Kids Adults Birthday Gift Party Favors Classroom Prizes Goodie Bag Fillers Christmas Stocking Stuffers Office Desk Decor","US $4.68","US $11.78","60%","https://aliexpress.com/item/3256811986776382.html","https://ae-pic-a1.aliexpress-media.com/kf/Sce1b0ac4540c4617af7bcd77aa7fc8baT.jpg","4.9","Not Available","Not Available","Not Available","Not Available","US","Not Available","271 sold","271","Free","2026-04-25 0:00:00","Not Available"
"3256812333230433","1pc Realistic Baguette Bread Squishy Toy, Super Soft Slow Rising Squeeze Fidget Toy, Golden Crust Fake Bakery Food Stress Relief Anti-Anxiety Toy, Individually Packaged Cute Desk Decor Gift for Kids Teen Girls Adults","US $5.35","US $17.00","68%","https://aliexpress.com/item/3256812333230433.html","https://ae-pic-a1.aliexpress-media.com/kf/Sb5f3c526e29c43dfa872a815b1392ac1H.jpg","4.9","Not Available","Not Available","Not Available","Not Available","US","Not Available","263 sold","263","Free","2026-06-15 0:00:00","Not Available"
"3256812288702296","3Pcs Ice Squishy Toy Set Ultra Soft Two Tone Jiggly Squeeze Ball Fidget Toys Sensory Anti Stress Decompression Office Desk Decor Kids Adults Birthday Party Favors","US $5.08","US $15.64","67%","https://aliexpress.com/item/3256812288702296.html","https://ae-pic-a1.aliexpress-media.com/kf/S2d95ffc8fb9140888bc2a0361d0c376ew.jpg","4.9","Not Available","Not Available","Not Available","Not Available","US","Not Available","241 sold","241","Free","2026-06-09 0:00:00","Not Available"
"3256812076755713","Squishy Fruit Grapes Fidget Toy, Stretchy Slow Rising Squeeze Stress Relief, Anti-Anxiety Creative Sensory Hand Toy for Kids Adults","US $19.10","US $48.06","60%","https://aliexpress.com/item/3256812076755713.html","https://ae-pic-a1.aliexpress-media.com/kf/Sdb9cce1b5d594e998a41873bf953f1fdJ.jpg","4.9","Not Available","Not Available","Not Available","Not Available","US","Not Available","238 sold","238","Free","2026-05-09 0:00:00","Not Available"
"3256812337615827","1Pc Jumbo Chocolate Biscuits Cheese Squishy Toy Scented Soft Slow Rising Squeeze Food Dessert Kawaii Sensory Fidget Anti Stress Decompression Toys Kids Adults Office Desk Classroom Prizes Birthday Gift Party Favors Christmas Stocking Stuffers","US $6.10","US $15.97","61%","https://aliexpress.com/item/3256812337615827.html","https://ae-pic-a1.aliexpress-media.com/kf/Sc66a401e434348a681ee55c66df5ee38K.jpg","4.9","Not Available","Not Available","Not Available","Not Available","US","Not Available","227 sold","227","Free","2026-06-15 0:00:00","Not Available"
"3256811531704092","1-Pack Cute Blueberry Lava Ice Cream Squeezable Toy, Soft Squeezable Toy, High-Value Popsicle Stress Relief Toy, Anti-Anxiety Ma","US $4.97","US $11.57","56%","https://aliexpress.com/item/3256811531704092.html","https://ae-pic-a1.aliexpress-media.com/kf/S5e0184dc683b491e9a93d2b3f024863c0.jpg","4.9","Not Available","Not Available","Not Available","Not Available","US","Not Available","225 sold","225","Free","2026-02-15 0:00:00","Not Available"
"3256812252377630","Glitter Maltose Popsicle Squishy Toy Stretchable Slow Rebound Anxiety Relief Toy","US $4.79","US $11.64","58%","https://aliexpress.com/item/3256812252377630.html","https://ae-pic-a1.aliexpress-media.com/kf/S8ffde46b36f0439b91cf1c4f12e17c6dU.jpg","4.9","Not Available","Not Available","Not Available","Not Available","US","Not Available","213 sold","213","Free","2026-06-03 0:00:00","Not Available"
"3256812184518417","Giant Cheese Squeeze Toy Extra Large Size Cheese Squishy Fidget Toys Slow Rebound Shapeable Venting Ball for Adults Gifts","US $19.90","US $45.91","56%","https://aliexpress.com/item/3256812184518417.html","https://ae-pic-a1.aliexpress-media.com/kf/S50fb4f9f15ce439fbc1978303432b79bK.jpg","4.9","Not Available","Not Available","Not Available","Not Available","US","Not Available","213 sold","213","Free","2026-05-25 0:00:00","Not Available"
"3256812184370863","Football Maltose Fidgets Toys Squishy Basketball /rugby Maltose Squeeze Toy Fun Hand Exercise Relieve Anxiety Decompression Toy","US $19.26","US $47.91","59%","https://aliexpress.com/item/3256812184370863.html","https://ae-pic-a1.aliexpress-media.com/kf/Sf1d4afe5351848b59902d9346dbb3a70s.jpg","4.9","Not Available","Not Available","Not Available","Not Available","US","Not Available","212 sold","212","Free","2026-05-25 0:00:00","Not Available"
"3256811494519696","Joyfy 100 Pcs Mini Animals & Fruit Mochi Squishies for Kids Party Favor Toys Stress Relief Novelty Fidget Toys Birthday Gifts","US $16.86","US $42.78","60%","https://aliexpress.com/item/3256811494519696.html","https://ae-pic-a1.aliexpress-media.com/kf/S6679219ec7994e10985913a575f2f2cct.jpg","4.9","Not Available","Not Available","Not Available","Not Available","US","Not Available","202 sold","202","Free","2026-02-06 0:00:00","Not Available"
"3256812252339695","Fruit Filled Maltose Toothpaste Stress Relief Toy Soft Slow Rising Deformable Squeeze Squishy Fidget Sensory Toy","US $7.45","US $16.95","56%","https://aliexpress.com/item/3256812252339695.html","https://ae-pic-a1.aliexpress-media.com/kf/Sa9da68ca8d8d4ca3b23c510683bfa6afl.jpg","4.9","Not Available","Not Available","Not Available","Not Available","US","Not Available","197 sold","197","Free","2026-06-03 0:00:00","Not Available"
"3256812076636078","Realistic Cheese Block Squishy Toy, Soft Slow Rising Squeeze Fidget, Simulation Fake Food Desk Decor, Kawaii Stress Relief Toy","US $5.48","US $14.34","61%","https://aliexpress.com/item/3256812076636078.html","https://ae-pic-a1.aliexpress-media.com/kf/S9348767ac0114c95b2d272c1a5786dc13.jpg","4.9","Not Available","Not Available","Not Available","Not Available","US","Not Available","143 sold","143","Free","2026-05-09 0:00:00","Not Available"
"3256812076610143","Heart Shaped Squishy Toy, Soft Non-Sticky Quick Bounce Back, Cute Compact Portable Palm Sized Stress Relief Fidget Gift","US $18.18","US $47.58","61%","https://aliexpress.com/item/3256812076610143.html","https://ae-pic-a1.aliexpress-media.com/kf/S3d287b5524cd45e386f73eeef2d1eb5b4.jpg","4.9","Not Available","Not Available","Not Available","Not Available","US","Not Available","139 sold","139","Free","2026-05-09 0:00:00","Not Available"
"3256812332907199","1Pc Colorful Glitter Transparent Axolotl Squishy Squeeze Toy Soft Silicone Slow Rising Sensory Fidget Anti Stress Relief Anxiety Office Desk Decor Kids Adults Birthday Christmas Gift Party Favors Goody Bag Filler","US $5.87","US $14.99","60%","https://aliexpress.com/item/3256812332907199.html","https://ae-pic-a1.aliexpress-media.com/kf/S4ad3354e6c39480eaedd6ad8c65d0a4ap.jpg","4.9","Not Available","Not Available","Not Available","Not Available","US","Not Available","111 sold","111","Free","2026-06-17 0:00:00","Not Available"
"3256812407862134","1PC Daisy Designed Maltose Coconut Oil Squishy Soft Slow Rebound Squeeze Toy Unique Stretchy Texture Premium Fidget Gadget For Stress Relief Mood Release Adult Daily Leisure Desktop Display And Exquisite Holiday Gift Preparation","US $4.53","US $11.86","61%","https://aliexpress.com/item/3256812407862134.html","https://ae-pic-a1.aliexpress-media.com/kf/S6c1a28c2250f474faa9a26d07d5077faj.jpg","4.9","Not Available","Not Available","Not Available","Not Available","US","Not Available","386 sold","386","Free","2026-06-25 0:00:00","Not Available"
"3256812408023625","Red Apple Strawberry Egg Tart Strawberry Cream Bar Squishy Stress Relief Toy Sensory Toy For Adults Anxiety Relaxation","US $4.45","US $11.66","61%","https://aliexpress.com/item/3256812408023625.html","https://ae-pic-a1.aliexpress-media.com/kf/Sbf78456169be4cd08e86d4de537f2a93t.jpg","4.9","Not Available","Not Available","Not Available","Not Available","US","Not Available","264 sold","264","Free","2026-06-25 0:00:00","Not Available"
"3256812407981725","HOT 2026 1PC Casual Collection Squishy Mystery Box – 3 Random Pulls – Independent Odds Lucky Toy Set","US $6.65","US $15.29","56%","https://aliexpress.com/item/3256812407981725.html","https://ae-pic-a1.aliexpress-media.com/kf/Sdccb61ec06164482a8cba8608b3ac4ccv.jpg","4.9","Not Available","Not Available","Not Available","Not Available","US","Not Available","202 sold","202","Free","2026-06-25 0:00:00","Not Available"
"3256812407856152","Draws Squishy Mystery Box Random Blind Pack Slow Rising Sensory Fidget Toy Set Stress Relief For Kids Adults","US $13.37","US $42.51","68%","https://aliexpress.com/item/3256812407856152.html","https://ae-pic-a1.aliexpress-media.com/kf/S156f04456b1c466c9f128e615958f8491.jpg","4.9","Not Available","Not Available","Not Available","Not Available","US","Not Available","118 sold","118","Free","2026-06-25 0:00:00","Not Available"
"3256812402407120","Transparent Empty Bottle Shell Squeeze Fidget Toy, Stress Relief Squishy","US $3.08","US $7.67","59%","https://aliexpress.com/item/3256812402407120.html","https://ae-pic-a1.aliexpress-media.com/kf/S990401c6d2464e3fac83edf222816f86P.jpg","4.9","Not Available","Not Available","Not Available","Not Available","US","Not Available","118 sold","118","Free","2026-06-25 0:00:00","Not Available"
"3256812076723823","Kawaii Fruit Dessert Squishy Toy, Slow Rising Squeeze Stress Relief, Cute Bunny Cream Cake Fidget","US $5.24","US $11.90","55%","https://aliexpress.com/item/3256812076723823.html","https://ae-pic-a1.aliexpress-media.com/kf/S4729b035c611430899053772089571e3X.jpg","4.9","Not Available","Not Available","Not Available","Not Available","US","Not Available","108 sold","108","Free","2026-05-09 0:00:00","Not Available"
"3256812407891982","1Pc Silicone Donut Squeeze Toy, Cute Donut Squishy Sensory Fidget Toy for Kids Girls Teens Stress Relief, Classroom Prizes Birthday Party Favors Christmas Stocking Stuffers","US $5.61","US $14.66","61%","https://aliexpress.com/item/3256812407891982.html","https://ae-pic-a1.aliexpress-media.com/kf/S9c8538fb775044cd802a81d3f980bef0M.jpg","5","Not Available","Not Available","Not Available","Not Available","US","Not Available","64 sold","64","Free","2026-06-25 0:00:00","Not Available"
"3256812288580730","1pc Transparent Glitter Cat Squeeze Toy, Clear Sequins Kitten Squishy Fidget Toy, Soft TPR Slow Rebound Stress Relief Pinch Toy","US $7.03","US $16.21","56%","https://aliexpress.com/item/3256812288580730.html","https://ae-pic-a1.aliexpress-media.com/kf/S885b525fa9484f1f9cd92ac55b52db19r.jpg","5","Not Available","Not Available","Not Available","Not Available","US","Not Available","61 sold","61","Free","2026-06-09 0:00:00","Not Available"
"3256812288614659","Unboxing Surprise Squishies Set, Random Cute Kawaii Animal Slow Rising Figures, Soft Sensory Stress Relief Fidget Toys, Collectible Gift Box for Kids Teens","US $14.75","US $58.99","75%","https://aliexpress.com/item/3256812288614659.html","https://ae-pic-a1.aliexpress-media.com/kf/S120ea3bc57e5461fb1c9b672e9577cb7u.jpg","4.9","Not Available","Not Available","Not Available","Not Available","US","Not Available","48 sold","48","Free","2026-06-12 0:00:00","Not Available"
"3256812408137475","1pcs Squeezable Slow Rising Squishy Toys, Cute Bread/Bone Shape Squeeze Toys, Soft Stress Relief Fidget Toys for Kids Adults","US $4.86","US $12.69","61%","https://aliexpress.com/item/3256812408137475.html","https://ae-pic-a1.aliexpress-media.com/kf/Sf6a2cfaf505f4593b605072028c878ecB.jpg","4.9","Not Available","Not Available","Not Available","Not Available","US","Not Available","48 sold","48","Free","2026-06-25 0:00:00","Not Available"
"3256812247962837","Cute Yellow Chicken Squishy Toy, Stress Relief Blowing Bubble Squeeze Fidget Toy, 8cm Soft Silly Chick Squishies, Funny Pop Bubble Decompression Squeeze Doll, Kids Adults Anxiety Relief Desktop","US $5.61","US $14.66","61%","https://aliexpress.com/item/3256812247962837.html","https://ae-pic-a1.aliexpress-media.com/kf/Sc528c3e2e4bb4dd2a8d83ef5c4e37929D.jpg","4.9","Not Available","Not Available","Not Available","Not Available","US","Not Available","47 sold","47","Free","2026-06-03 0:00:00","Not Available"
"3256812407937809","Limited-Time Offer Summer Style Squishy Mystery Box Single Cute Mixed Element Soft Stress Relief Surprise Toy","US $7.75","US $21.67","64%","https://aliexpress.com/item/3256812407937809.html","https://ae-pic-a1.aliexpress-media.com/kf/S2623b2d68871407d892d94c0249e07722.jpg","4.9","Not Available","Not Available","Not Available","Not Available","US","Not Available","47 sold","47","Free","2026-06-25 0:00:00","Not Available"
"3256812247986774","Squishy Waffle Cake Maltose Fidget Toy Soft Bread Maltose Anti Stress Toy Relieve Anxiety Decompressions Vent Squeeze Toy","US $3.79","US $8.34","54%","https://aliexpress.com/item/3256812247986774.html","https://ae-pic-a1.aliexpress-media.com/kf/S2b2624a875894862a54b689e68b7ebfah.jpg","4.9","Not Available","Not Available","Not Available","Not Available","US","Not Available","46 sold","46","Free","2026-06-03 0:00:00","Not Available"
"3256812402558624","1PC Color Changing Watermelon Squishy Toy, Slow Rising Stress Relief Fruit Squeeze, Heat Sensitive Sensory Fidget for Kids Adults Gift","US $5.01","US $15.00","66%","https://aliexpress.com/item/3256812402558624.html","https://ae-pic-a1.aliexpress-media.com/kf/S7b5ac39ea3314df887f713fd12c59221r.jpg","4.9","Not Available","Not Available","Not Available","Not Available","US","Not Available","38 sold","38","Free","2026-06-25 0:00:00","Not Available"
"3256812333232397","Hot New Handmade Crispy lemon Stress Ball Squeeze Toy, Color-Changing Mango Squishy Fidget Ball, ASMR Sensory Stress Relief Toy","US $12.04","US $27.70","56%","https://aliexpress.com/item/3256812333232397.html","https://ae-pic-a1.aliexpress-media.com/kf/S5b2e831c6c4a4f1383db589c241643dcX.png","4.9","Not Available","Not Available","Not Available","Not Available","US","Not Available","37 sold","37","Free","2026-06-15 0:00:00","Not Available"
"3256812076709892","2Pcs Ice Sugar Bead Squeeze Stress Balls Squishy Fidget Toys Sensory Anti-Stress Decompression Relax Toy Christmas Halloween Easter Basket Fillers Classroom Prize Gift Kids Adults","US $8.14","US $24.34","66%","https://aliexpress.com/item/3256812076709892.html","https://ae-pic-a1.aliexpress-media.com/kf/S53a4fa00ec2640fe81e82a37214feb123.jpg","4.9","Not Available","Not Available","Not Available","Not Available","US","Not Available","27 sold","27","Free","2026-05-09 0:00:00","Not Available"
"3256812408183355","Glow In Dark Arctic Penguin Crunchy Squishy Fidget Toy","US $5.09","US $13.40","62%","https://aliexpress.com/item/3256812408183355.html","https://ae-pic-a1.aliexpress-media.com/kf/Se493c3989af84cdd962adeae5807995eV.png","4.9","Not Available","Not Available","Not Available","Not Available","US","Not Available","23 sold","23","Free","2026-06-25 0:00:00","Not Available"
"3256812402624596","HOT 2026 Kawaii Food & Ocean Squishy Blind Box, Assorted Cartoon Mystery Lucky Surprise Set, 3 Independent Random Draws, Collectible Slow Rebound Squishy Toy, Soft Maltose Sensory Decompression Fidget Gift","US $14.48","US $33.31","56%","https://aliexpress.com/item/3256812402624596.html","https://ae-pic-a1.aliexpress-media.com/kf/S6f8028a5a3424c6c83f44584a8257de6k.jpg","4.9","Not Available","Not Available","Not Available","Not Available","US","Not Available","22 sold","22","Free","2026-06-25 0:00:00","Not Available"
"3256812402656479","250th Anniversary Limited Edition Squishy Suitable for USA Themed Bun Squeeze, Slow Rebound Sensory Fidget with Random Colors, ASMR Gifts for &, Party Favors, Compact Portable Collectible(Independent Day)","US $3.76","US $9.82","61%","https://aliexpress.com/item/3256812402656479.html","https://ae-pic-a1.aliexpress-media.com/kf/Sa3742591297d4aac8c6d0949d04b59f95.jpg","4.9","Not Available","Not Available","Not Available","Not Available","US","Not Available","22 sold","22","Free","2026-06-25 0:00:00","Not Available"
"3256812252437475","Creative Butter Stick Squishy Fidget Toy Building Block Filling No Rebound Squeeze Toy Adult Sensory Stress Relief Fidget Toy","US $3.27","US $9.78","66%","https://aliexpress.com/item/3256812252437475.html","https://ae-pic-a1.aliexpress-media.com/kf/Sc1c5a88eb0a746f4a34b2734280a4269V.jpg","4.9","Not Available","Not Available","Not Available","Not Available","US","Not Available","21 sold","21","Free","2026-06-03 0:00:00","Not Available"
"3256812293453547","Bread Butter Squishy Slow Rising Stress Ball Toy, Decompression Squeeze, Stocking Stuffer Party Favor Gift","US $4.72","US $12.39","61%","https://aliexpress.com/item/3256812293453547.html","https://ae-pic-a1.aliexpress-media.com/kf/S9214a8a106554b49beec4b33d49faaefY.jpg","5","Not Available","Not Available","Not Available","Not Available","US","Not Available","19 sold","19","Free","2026-06-09 0:00:00","Not Available"
"3256812252379630","Simulation Hamburger Squishy Stress Relief Ball Pinch Sensory Fidget Toy Autism Calming Toy Anti-Anxiety Adult Relax Gift","US $19.05","US $49.86","61%","https://aliexpress.com/item/3256812252379630.html","https://ae-pic-a1.aliexpress-media.com/kf/S8d4f684b359549de9ce43f8fd92d4b600.jpg","4.9","Not Available","Not Available","Not Available","Not Available","US","Not Available","19 sold","19","Free","2026-06-03 0:00:00","Not Available"
"3256812408171317","1Pack Glitter Turtle Squishy Toy Transparent Jelly Squeeze Ball Slow Rising Sensory Fidget Toys Star Sequins Cute Sea Animal Anti Stress Decompression Toy Kids Classroom Rewards Birthday Party Favors Goodie Bag Fillers","US $4.85","US $12.71","61%","https://aliexpress.com/item/3256812408171317.html","https://ae-pic-a1.aliexpress-media.com/kf/Sf72d81d44d4b46f19ca60c20b4ac10b67.jpg","4.9","Not Available","Not Available","Not Available","Not Available","US","Not Available","18 sold","18","Free","2026-06-25 0:00:00","Not Available"
"3256812337681598","1Pc Handmade Bead Stress Ball Squeeze Fidget Toy Sensory Anti-Stress Decompression Colorful Squishy Desktop Ornament Office Desk Decor Anxiety Relief Random Color","US $5.01","US $15.00","66%","https://aliexpress.com/item/3256812337681598.html","https://ae-pic-a1.aliexpress-media.com/kf/S5f96da5604174882865f99312d2d5099g.jpg","4.9","Not Available","Not Available","Not Available","Not Available","US","Not Available","12 sold","12","Free","2026-06-15 0:00:00","Not Available"
"3256812402598642","1pc Foam Particle Bead Stress Relief Squeeze Ball Transparent Squishy Fidget Toy Novelty Party Favor Classroom Prize Birthday Gift for Teens Adults","US $7.22","US $16.62","56%","https://aliexpress.com/item/3256812402598642.html","https://ae-pic-a1.aliexpress-media.com/kf/S914a3fb8ec1a41ecbc8db4f339cd4904q.jpg","4.9","Not Available","Not Available","Not Available","Not Available","US","Not Available","12 sold","12","Free","2026-06-25 0:00:00","Not Available"
"3256811945844383","1Pcs/Cute Butter Shaped Slow Rising Squishy Toy - Soft Stress Relief Squeeze Toy, Funny Fidget Gift for Kids & Adults","US $4.38","US $13.06","66%","https://aliexpress.com/item/3256811945844383.html","https://ae-pic-a1.aliexpress-media.com/kf/S5752a016c5c04b5cb5148146734e342e4.jpg","4","Not Available","Not Available","Not Available","Not Available","US","Not Available","11 sold","11","Free","2026-04-20 0:00:00","Not Available"
"3256812402051309","Glitter Slushy Cup Squishy Toy, Sparkly Filled Iced Drink Cup Slow Rising Squeeze Fidget Toy, Super Soft Shiny Stress Relief Sensory Toy, Cute Simulation Beverage Cup Collectible Toy Gift for Kids Girls","US $2.22","US $6.53","66%","https://aliexpress.com/item/3256812402051309.html","https://ae-pic-a1.aliexpress-media.com/kf/Sbf209bba2b3a48c7836110b9b021162cG.png","Not Available","Not Available","Not Available","Not Available","Not Available","US","Not Available","10 sold","10","Free","2026-06-24 0:00:00","Not Available"
"3256812401915361","Realistic Salted Butter Stick Squishy Toy, Slow Rising Fake Food Butter Bar Squeeze Fidget Toy, Smooth Texture Durable Stress Relief Sensory Toy, Novelty Prank Toy Desktop Decor Gift for Kids Adults","US $2.22","US $6.53","66%","https://aliexpress.com/item/3256812401915361.html","https://ae-pic-a1.aliexpress-media.com/kf/S83fc902468514295beb74e9f9f5ef0e1Q.png","Not Available","Not Available","Not Available","Not Available","Not Available","US","Not Available","9 sold","9","Free","2026-06-24 0:00:00","Not Available"
"3256812373824590","Peanut Stress Ball Crunchy Squeeze Ball Squishy Toy Buttery-Soft Feel Fidget Toy ASMR Sensory Anti Stress Toys for Kids & Adults","US $5.87","US $19.58","70%","https://aliexpress.com/item/3256812373824590.html","https://ae-pic-a1.aliexpress-media.com/kf/S375b81e44e644448a3bdb2b1ce125277W.jpg","Not Available","Not Available","Not Available","Not Available","Not Available","US","Not Available","7 sold","7","Free","2026-06-22 0:00:00","Not Available"
"3256812397290260","Shiny Transparent Crystal Bun Squishy Toy, Stretchable Long-Lasting Clear Gloss Squeeze Toy, Easy to Clean Non-Toxic Jelly Fidget Toy, Novelty Fake Food Party Favor & Hand Exercise Toy","US $2.19","US $6.53","66%","https://aliexpress.com/item/3256812397290260.html","https://ae-pic-a1.aliexpress-media.com/kf/S2984d585fb8d407abf2941c5efb71c1aj.png","Not Available","Not Available","Not Available","Not Available","Not Available","US","Not Available","5 sold","5","Free","2026-06-24 0:00:00","Not Available"
"3256812380599916","Handmade Watermelon Slushy Squishy Toy Soft Slow Rebound Stress Relief Squeeze Toy Realistic Fruit Simulation Model Adult Gift","US $4.60","US $13.56","66%","https://aliexpress.com/item/3256812380599916.html","https://ae-pic-a1.aliexpress-media.com/kf/S7e29d8232cca49eebf6cc5873b6f44c2F.jpg","5","Not Available","Not Available","Not Available","Not Available","US","Not Available","5 sold","5","Free","2026-06-22 0:00:00","Not Available"
"3256812397055021","Sploop Splat Splash Shaped Squishy Toy, Soft Elastic Stretchable Squeeze Fidget Toy, Silent Satisfying Sensory Toy for Home Office Play, Novelty Party Favor & Autism Calming Toy","US $1.86","US $6.53","71%","https://aliexpress.com/item/3256812397055021.html","https://ae-pic-a1.aliexpress-media.com/kf/S28569ec3cdd746b78bcbef53d56ca3e1Z.png","Not Available","Not Available","Not Available","Not Available","Not Available","US","Not Available","4 sold","4","Free","2026-06-24 0:00:00","Not Available"
"3256812402074109","Textured Clear Stress Ball Squishy Toy, High Elastic Tear Resistant Soft Squeeze Fidget Ball, Vibrant Color Safe Premium Material Anxiety Relief Sensory Toy for Kids Adults, Hand Exercise Desktop Toy Gift","US $1.86","US $6.53","71%","https://aliexpress.com/item/3256812402074109.html","https://ae-pic-a1.aliexpress-media.com/kf/S2230a7bede5d42b085e54dffad39dde7v.png","Not Available","Not Available","Not Available","Not Available","Not Available","US","Not Available","4 sold","4","Free","2026-06-24 0:00:00","Not Available"
"3256812107256926","Taba Squishy Stress Balls Cube - Ocean Sensory Fidget Toy Slow Rise Squishy Toys for Kids and Adults Squeeze Relax Gift","US $3.91","US $20.59","81%","https://aliexpress.com/item/3256812107256926.html","https://ae-pic-a1.aliexpress-media.com/kf/S03aca2569f7347048076fc6f856bbf4aW.jpg","Not Available","Not Available","Not Available","Not Available","Not Available","US","Not Available","3 sold","3","Free","2026-05-14 0:00:00","Not Available"
"3256812433326768","2-Pack Crispy Ball-Shaped Squishy Toys, Ultra-Soft Stress-Relief Wax Balls, Crunchy Sensory Stress-Relief Toys, Sound-Activated Squeeze Sensory Toys, Squeezable Sensory Toys","US $5.73","US $20.09","71%","https://aliexpress.com/item/3256812433326768.html","https://ae-pic-a1.aliexpress-media.com/kf/S85e7d25c9ddf4add9179326eb47f9a07A.jpg","Not Available","Not Available","Not Available","Not Available","Not Available","US","Not Available","3 sold","3","Free","2026-06-29 0:00:00","Not Available"
"3256812402505459","Realistic Pink Peach Squishy Toy, Slow Rising Simulation Fruit Squeeze Fidget Toy, Super Soft Stress Relief Sensory Toy, Cute Fake Peach Desktop Decor Novelty Gift for Kids Girls Party Favor","US $1.86","US $6.53","71%","https://aliexpress.com/item/3256812402505459.html","https://ae-pic-a1.aliexpress-media.com/kf/Sa690c94b4a1942c197e42af25475f1a56.png","Not Available","Not Available","Not Available","Not Available","Not Available","US","Not Available","3 sold","3","Free","2026-06-24 0:00:00","Not Available"
"3256812105963039","Giant Dumpling Squishy Toy with Bamboo Steamer Soft TPR Stress Ball Fidget Toy Realistic Decompression Sensory Toy Funny Gift for Kids Adults","US $8.10","US $24.15","66%","https://aliexpress.com/item/3256812105963039.html","https://ae-pic-a1.aliexpress-media.com/kf/Sd0becac8712f40a9b485641c67269ba2I.jpg","Not Available","Not Available","Not Available","Not Available","Not Available","US","Not Available","2 sold","2","Free","2026-05-14 0:00:00","Not Available"
"3256812365159112","New Little Bear Maltose Pinch Stress Relief Ball Stress Relief Toy Pinch Music Stress Relief Tool Slow Rebound","US $2.86","US $15.06","81%","https://aliexpress.com/item/3256812365159112.html","https://ae-pic-a1.aliexpress-media.com/kf/S1ae2028e8c7b4310b241677acec94ea5f.jpg","Not Available","Not Available","Not Available","Not Available","Not Available","US","Not Available","2 sold","2","Free","2026-06-20 0:00:00","Not Available"
"3256812323453949","Cheese Squishys Toy |   Cheese Butters Stress Ball Toy |   Unbreakable Cheeses Sugar Cube Squeeze Toys |   Slow Rising Yellow Cheeses Maltose Squishys Sensory Stress Relief Toys","US $4.37","US $14.56","70%","https://aliexpress.com/item/3256812323453949.html","https://ae-pic-a1.aliexpress-media.com/kf/S4b8f36d5465742b69a349b6b02c39d29k.jpg","Not Available","Not Available","Not Available","Not Available","Not Available","US","Not Available","2 sold","2","Free","2026-06-13 0:00:00","Not Available"
"3256812373836200","Moldable Squishy Pearl Coconut Oil Squeeze Toy Moldable Stress Ball Squishy Toy Slow Rising Decompression Sensory Toy for Adult","US $3.62","US $15.73","77%","https://aliexpress.com/item/3256812373836200.html","https://ae-pic-a1.aliexpress-media.com/kf/S558212f2d33f44808d99ff4b757117afb.jpg","Not Available","Not Available","Not Available","Not Available","Not Available","US","Not Available","2 sold","2","Free","2026-06-21 0:00:00","Not Available"
"3256812390208642","Creative Stress Relief Pull Pig Squishy Toy – Stretchy Mochi Tofu Ball – Decompression Vent Fidget F","US $3.87","US $13.56","71%","https://aliexpress.com/item/3256812390208642.html","https://ae-pic-a1.aliexpress-media.com/kf/Se9c4d4e5f81d4978907004d3263b69dcF.jpg","Not Available","Not Available","Not Available","Not Available","Not Available","US","Not Available","2 sold","2","Free","2026-06-23 0:00:00","Not Available"
"3256812396704411","Realistic Cheese Block Squishy Toy, Hole Design Fake Cheese Slow Rising Squeeze Fidget Toy, Soft Safe Skin-Friendly Stress Relief Sensory Toy for Kids, Cute Food Shape Bath Play & Desktop Decor Gift","US $1.05","US $6.53","83%","https://aliexpress.com/item/3256812396704411.html","https://ae-pic-a1.aliexpress-media.com/kf/Sae9055fc10cc421db2b907d6a66c9137i.png","Not Available","Not Available","Not Available","Not Available","Not Available","US","Not Available","2 sold","2","Free","2026-06-24 0:00:00","Not Available"
"3256812396300772","Red Strawberry Squishy Toy, Soft Slow Rising Fruit Squeeze Fidget Toy, Realistic Strawberry Stress Relief Toy for Kids Adults Anxiety Relief, Cute Food Shape Squeeze Sensory Toy Gift","US $1.86","US $6.53","71%","https://aliexpress.com/item/3256812396300772.html","https://ae-pic-a1.aliexpress-media.com/kf/S6d52e5d3bfca454b95360097429f2a13N.png","Not Available","Not Available","Not Available","Not Available","Not Available","US","Not Available","2 sold","2","Free","2026-06-24 0:00:00","Not Available"
"3256812393229542","Simulated Peanut Squeeze Toy Squishy Fidget Toy Relieves Pressure Anxiety Peanut Decompression Toy Friends Gift","US $4.20","US $14.73","71%","https://aliexpress.com/item/3256812393229542.html","https://ae-pic-a1.aliexpress-media.com/kf/A1864e5c984604278a74c613f968016402.jpg","Not Available","Not Available","Not Available","Not Available","Not Available","US","Not Available","1 sold","1","Free","2026-06-23 0:00:00","Not Available"
"3256812110547007","Cute Fruit Squishy Stress Balls Fidget Sensory Toy Squeeze Stress Relief Hand Toy Anti-Anxiety Banana Stretchy Slow Rising Toy","US $3.13","US $19.58","84%","https://aliexpress.com/item/3256812110547007.html","https://ae-pic-a1.aliexpress-media.com/kf/S56be8bce8d4d49cfbbdebce28e11bfc9V.jpg","Not Available","Not Available","Not Available","Not Available","Not Available","US","Not Available","1 sold","1","Free","2026-05-14 0:00:00","Not Available"
"3256812503302566","Lively otter squishy stress relief toy with soft texture and smooth release ball for calming decompression play","US $6.16","US $24.61","75%","https://aliexpress.com/item/3256812503302566.html","https://ae-pic-a1.aliexpress-media.com/kf/S34cba3174eee4fa6a1802c8768303e59o.jpg","Not Available","Not Available","Not Available","Not Available","Not Available","US","Not Available","1 sold","1","Free","2026-07-08 0:00:00","Not Available"
"3256812373942229","Colorful Salamander Maltose Fidgets Toys Squishy Malt Sugar Stretchy Axolotl Fun Squeeze Birthday Supplies Anti-Anxiety Gift","US $10.25","US $34.15","70%","https://aliexpress.com/item/3256812373942229.html","https://ae-pic-a1.aliexpress-media.com/kf/Sa1c493e9dd55491caec60cb495c61a5d1.jpg","Not Available","Not Available","Not Available","Not Available","Not Available","US","Not Available","1 sold","1","Free","2026-06-21 0:00:00","Not Available"
"3256812358653696","Best-selling stress-relief squishy butter cheese toy! Soft and smooth to squeeze with satisfying rebound. Cute yellow cube design with realistic detail—great as a gift, party favor, or daily stress toy.","US $4.22","US $35.15","88%","https://aliexpress.com/item/3256812358653696.html","https://ae-pic-a1.aliexpress-media.com/kf/S81a7063cfc3042ef82f2344dc17f63c1w.jpg","Not Available","Not Available","Not Available","Not Available","Not Available","US","Not Available","1 sold","1","Free","2026-06-17 0:00:00","Not Available"
"3256812405747158","NEW Smushers Squishy-Curiosities Smushers Dog Face Swap Squishy,Soft Slow Rising Stress Relief For Stress & Anxiety Relief, Cute Dog Face Sensory Fidget For For Adults Anxiety Relief","US $5.73","US $20.09","71%","https://aliexpress.com/item/3256812405747158.html","https://ae-pic-a1.aliexpress-media.com/kf/S00d9a1ac70594dc783884f73f3fb4562R.jpg","Not Available","Not Available","Not Available","Not Available","Not Available","US","Not Available","1 sold","1","Free","2026-06-25 0:00:00","Not Available"
"3256812297821573","Transparent Pink Coconut Ball Squishy Toy Stress Relief Squeeze Fidget Ball Cute Clear Decompression Hand Toy","US $6.03","US $20.09","70%","https://aliexpress.com/item/3256812297821573.html","https://ae-pic-a1.aliexpress-media.com/kf/S93da27b82d4b4828a930a5a8becb6db16.jpg","Not Available","Not Available","Not Available","Not Available","Not Available","US","Not Available","1 sold","1","Free","2026-06-09 0:00:00","Not Available"
"3256812374542503","Squishy Six Seven Maltose Fidget Toy Hot Internet Buzzwords of The Hit 67 Series Squeeze Toy Decompression Toy X-mas Gift","US $10.81","US $42.42","74%","https://aliexpress.com/item/3256812374542503.html","https://ae-pic-a1.aliexpress-media.com/kf/S885dc0a7a3a24ecf8bd74225f7d05fa9R.jpg","Not Available","Not Available","Not Available","Not Available","Not Available","US","Not Available","1 sold","1","Free","2026-06-22 0:00:00","Not Available"
"3256812317871618","Crispy Wax Shell Squishy Ball, Crackable Outer Layer, Stress Relief Fidget Toy for Teens Adults","US $11.14","US $37.14","70%","https://aliexpress.com/item/3256812317871618.html","https://ae-pic-a1.aliexpress-media.com/kf/Sed2d48fae2ef40b681d80e992e2ca580S.jpg","Not Available","Not Available","Not Available","Not Available","Not Available","US","Not Available","1 sold","1","Free","2026-06-12 0:00:00","Not Available"
"3256812399825786","New product tasting price pcs Glitter Green Glitter Dumpling, Glitter Dumpling Squishy Box, Dumplings Squishy, Anxiety Relief S","US $17.99","US $132.27","86%","https://aliexpress.com/item/3256812399825786.html","https://ae-pic-a1.aliexpress-media.com/kf/S2d30615ed776411b9aeddf263ac64445A.jpg","Not Available","Not Available","Not Available","Not Available","Not Available","US","Not Available","1 sold","1","Free","2026-06-24 0:00:00","Not Available"
"3256812405852604","Squeeze Toys  slow Rising Ice Cracked Crystal Ball Squishy Fidget Toy Frosted Ice Texture Pinch Stress Ball Anti-Anxiety Calming","US $5.73","US $20.09","71%","https://aliexpress.com/item/3256812405852604.html","https://ae-pic-a1.aliexpress-media.com/kf/S959431478cff4a929d5542efd5ff1553k.jpg","Not Available","Not Available","Not Available","Not Available","Not Available","US","Not Available","1 sold","1","Free","2026-06-25 0:00:00","Not Available"
"3256812372006961","Moldable Non-Rebound Soft Gel Stress Relief Fidget Squeeze Squishy Toy For Kids Adults Home Office Travel Daily Anxiety Relief Classroom Rewards Party Favors Birthday Holiday Gifts","US $4.76","US $18.68","74%","https://aliexpress.com/item/3256812372006961.html","https://ae-pic-a1.aliexpress-media.com/kf/S83bf0fd35c344f6c9d5232ff31d15a6a5.jpg","Not Available","Not Available","Not Available","Not Available","Not Available","US","Not Available","1 sold","1","Free","2026-06-21 0:00:00","Not Available"
"3256812374204904","1/4 cookie shaped stress-relieving toy, squishy cookie-like soft and cute toy, anxiety-relieving sensory toy, soft stress-relieving toy, adult stress-relieving squeeze toy, Taba soft and cute toy, Fufu soft and cute toy (random color).","US $16.01","US $62.77","74%","https://aliexpress.com/item/3256812374204904.html","https://ae-pic-a1.aliexpress-media.com/kf/Sa23ff88581d045f3bddb507bb69678726.jpg","Not Available","Not Available","Not Available","Not Available","Not Available","US","Not Available","1 sold","1","Free","2026-06-22 0:00:00","Not Available"
"3256812417124012","1Pc Yellow Chick Squishy Squeeze Toy Kids Adult Pop Fidget Toys Soft Pinch Entertainment Games for Children Christmas Gifts","US $3.76","US $15.06","75%","https://aliexpress.com/item/3256812417124012.html","https://ae-pic-a1.aliexpress-media.com/kf/Sb56e41d5a5a846f999548ecc8544aff7Y.jpg","Not Available","Not Available","Not Available","Not Available","Not Available","US","Not Available","1 sold","1","Free","2026-06-26 0:00:00","Not Available"
"3256812421312030","3-Pack Colorful Squishies Stress Balls Set, Fruit and Food Shaped Slow Rising Squeezable Fidget Toy for Adults, Portable Anxiet","US $67.91","US $202.52","66%","https://aliexpress.com/item/3256812421312030.html","https://ae-pic-a1.aliexpress-media.com/kf/S6decb6d410764c079245775f025df5bcB.jpg","Not Available","Not Available","Not Available","Not Available","Not Available","US","Not Available","Not Available","Not Available","Free","2026-06-27 0:00:00","Not Available"
"3256812410322550","20 Pack Squishy Stress Cubes Fidget Toys, Squishy Ball, Squishy Fidget Toys for Anxiety Relief, Squeeze Balls for Adults, Party","US $72.54","US $216.32","66%","https://aliexpress.com/item/3256812410322550.html","https://ae-pic-a1.aliexpress-media.com/kf/S4cb861146be34f6dbe1e3abce1409f9dq.jpg","Not Available","Not Available","Not Available","Not Available","Not Available","US","Not Available","Not Available","Not Available","Free","2026-06-26 0:00:00","Not Available"
"3256812421435398","Dumpling Squishies with Box, Stretchy Sensory Squeeze Stress Ball, Soft Silicone Baozi Squeezable Toy, Mini Decompression Ball","US $49.80","US $148.54","66%","https://aliexpress.com/item/3256812421435398.html","https://ae-pic-a1.aliexpress-media.com/kf/S0c80338631494bd492ca1866dc9a5713J.jpg","Not Available","Not Available","Not Available","Not Available","Not Available","US","Not Available","Not Available","Not Available","Free","2026-06-27 0:00:00","Not Available"
"3256811986648872","Realistic Artificial Bayberry Fruit Model, TPR Fake Berry Miniature Food Replica for Kitchen Home Decor, Bakery Display Photography Props, Housewarming Gift","US $5.01","US $14.34","65%","https://aliexpress.com/item/3256811986648872.html","https://ae-pic-a1.aliexpress-media.com/kf/S40fc2f5d792f4c74897257a6f2d8c584H.jpg","4.9","Not Available","Not Available","Not Available","Not Available","US","Not Available","1,000+ sold","1000","Free","2026-04-25 0:00:00","Not Available"
"3256812408057593","HOT 2026 Affordable Squishy Blind Box – 3 Random Draws (Min. 2 Items Guaranteed) High-Value Surprise Set","US $5.13","US $11.67","55%","https://aliexpress.com/item/3256812408057593.html","https://ae-pic-a1.aliexpress-media.com/kf/S89bb0bc06dc24ecba97809c8f1bd3187Q.jpg","4.9","Not Available","Not Available","Not Available","Not Available","US","Not Available","240 sold","240","Free","2026-06-25 0:00:00","Not Available"
"3256809817375106","Joyfy 100 Pcs Mini Animals & Fruit Mochi Squishies for Kids Party Favor Toys Stress Relief Novelty Fidget Toys Birthday Gifts","US $20.41","US $61.86","67%","https://aliexpress.com/item/3256809817375106.html","https://ae-pic-a1.aliexpress-media.com/kf/S6679219ec7994e10985913a575f2f2cct.jpg","5","Not Available","Not Available","Not Available","Not Available","US","Not Available","79 sold","79","Free","2025-09-19 0:00:00","Not Available"
"3256812124548495","Squishy Fruit Grapes Fidget Toy Squeeze Stress Relief Hand Toy Anti-Anxiety Fruit Stretchy Slow Rising Toy Creative Sensory Toy","US $6.06","US $20.22","70%","https://aliexpress.com/item/3256812124548495.html","https://ae-pic-a1.aliexpress-media.com/kf/Se6867f7b0fee43e786ed1715ee7a24deI.jpg","Not Available","Not Available","Not Available","Not Available","Not Available","US","Not Available","10 sold","10","Free","2026-05-16 0:00:00","Not Available"
"3256812396620255","Funny Ugly Face Stress Ball Squishy Toy, Big Blue Lips Googly Eyes TPR Squeeze Fidget Ball, Soft Durable Anxiety Relief Sensory Toy for Kids Adults, Novelty Prank Desktop Gift","US $2.19","US $6.53","66%","https://aliexpress.com/item/3256812396620255.html","https://ae-pic-a1.aliexpress-media.com/kf/S960a161d27174b738fbd9feda235a0cbU.png","Not Available","Not Available","Not Available","Not Available","Not Available","US","Not Available","5 sold","5","Free","2026-06-24 0:00:00","Not Available"
"3256812108378881","2027Glitter Dumpling Glitter Dumpling Squishy with Box Dumplings Sensory Squeeze Toy for Stress Relief","US $8.58","US $28.62","70%","https://aliexpress.com/item/3256812108378881.html","https://ae-pic-a1.aliexpress-media.com/kf/Sfc78441c46354f95a7618ff58200590ay.jpg","Not Available","Not Available","Not Available","Not Available","Not Available","US","Not Available","3 sold","3","Free","2026-05-14 0:00:00","Not Available"
"3256812107419053","Cube By Schylling Sensory Squeeze Toy Ice Cream Color Squishy Stress Relief Fidget Toys Children Adults Collectable","US $7.53","US $25.11","70%","https://aliexpress.com/item/3256812107419053.html","https://ae-pic-a1.aliexpress-media.com/kf/S8e7c20063fd645659e9d9d468674da8cc.jpg","Not Available","Not Available","Not Available","Not Available","Not Available","US","Not Available","2 sold","2","Free","2026-05-14 0:00:00","Not Available"
"3256812438661442","Sticky Box Cake Squishy Toy Slow Rising Squeeze Toy Butter Ice Cream Box Squishy Fidget Toy Anti Stress Release Hand Relax Gift","US $6.58","US $19.63","66%","https://aliexpress.com/item/3256812438661442.html","https://ae-pic-a1.aliexpress-media.com/kf/S3c4cabca15f04e328f6be1f0502d5d9ev.jpg","Not Available","Not Available","Not Available","Not Available","Not Available","US","Not Available","Not Available","Not Available","Free","2026-06-29 0:00:00","Not Available"
"3256812566151346","Cute and fun unicorn squishy toy: A soft and adorable little unicorn that brings slow-rebound joy. It can return to its original shape when squeezed, soothing the mind like a cloud. Available in 4 macaron colors: purple/blue/orange/pink.","US $5.92","US $17.67","66%","https://aliexpress.com/item/3256812566151346.html","https://ae-pic-a1.aliexpress-media.com/kf/Sae1e2938c7964e18902b4f14a9da4167Q.jpg","Not Available","Not Available","Not Available","Not Available","Not Available","US","Not Available","Not Available","Not Available","Free","2026-07-16 0:00:00","Not Available"
"3256812559641185","Cute face-changing squishy toy set, with customizable expressions.Available in pink, blue, and yellow.Exquisite gift, ideal for birthday parties, Halloween, Thanksgiving, and Christmas.Very suitable for children's party gift bags.Random color","US $6.09","US $18.17","66%","https://aliexpress.com/item/3256812559641185.html","https://ae-pic-a1.aliexpress-media.com/kf/S16c09b1a9b194f5887dc3f4afedd6ac7Y.jpg","Not Available","Not Available","Not Available","Not Available","Not Available","US","Not Available","Not Available","Not Available","Free","2026-07-16 0:00:00","Not Available"
"3256812566046180","colorful squishy balls, slow rising and rebounding, ideal as a birthday gift, classroom prize, party gift, or gift for classmates. They are very good squishy toys. (Random color styles)","US $5.92","US $17.67","66%","https://aliexpress.com/item/3256812566046180.html","https://ae-pic-a1.aliexpress-media.com/kf/S9f3b086b94a74e19958fed9ebcacbc845.jpg","Not Available","Not Available","Not Available","Not Available","Not Available","US","Not Available","Not Available","Not Available","Free","2026-07-16 0:00:00","Not Available"
"3256812525464125","Fun and creative squishy dolls—hilarious squishy toys perfect for parties, gifts, and gift sets. They’re soft and highly elastic","US $7.73","US $23.05","66%","https://aliexpress.com/item/3256812525464125.html","https://ae-pic-a1.aliexpress-media.com/kf/S6293ee0616d64c81bd0fd64fdcc1e6f4R.jpg","Not Available","Not Available","Not Available","Not Available","Not Available","US","Not Available","Not Available","Not Available","Free","2026-07-11 0:00:00","Not Available"
"3256812566157291","randomly colored heart-shaped maltose squishy toys - soft and slow to rebound, cute texture, perfect for party favors, birthday gifts, Valentine's Day, Christmas stocking stuffers, and Easter egg fillers (for ages 3 and up),","US $5.92","US $17.67","66%","https://aliexpress.com/item/3256812566157291.html","https://ae-pic-a1.aliexpress-media.com/kf/Sb0380512a6204c85ae809cbf0fe1b33dU.jpg","Not Available","Not Available","Not Available","Not Available","Not Available","US","Not Available","Not Available","Not Available","Free","2026-07-16 0:00:00","Not Available"
"3256812559796266","250th Anniversary Gifts of the United States - 8cm / 3.15inch Soft slow-rebound squishy toy with classic American patriotic patterns","US $5.88","US $17.55","66%","https://aliexpress.com/item/3256812559796266.html","https://ae-pic-a1.aliexpress-media.com/kf/S4d210becd20b4e3b9f61c334c09c0ffbc.jpeg","Not Available","Not Available","Not Available","Not Available","Not Available","US","Not Available","Not Available","Not Available","Free","2026-07-16 0:00:00","Not Available"
"3256812566153568","Cute realistic croissant and toast soft toy, adorable squishy bread toy, children's birthday gift, party favor, candy bag filler, random colors and styles","US $5.92","US $17.67","66%","https://aliexpress.com/item/3256812566153568.html","https://ae-pic-a1.aliexpress-media.com/kf/Sadf6a8ab4abc494b87bacb2d785dc88b4.jpg","Not Available","Not Available","Not Available","Not Available","Not Available","US","Not Available","Not Available","Not Available","Free","2026-07-16 0:00:00","Not Available"
"3256812566139596","TabaQ realistic ocean jellyfish squishy toy, fun jellyfish squishy toy for parties, soft slow-rebound toy, finger toy suitable as party and holiday gifts, school rewards, portable and convenient to carry","US $5.92","US $17.67","66%","https://aliexpress.com/item/3256812566139596.html","https://ae-pic-a1.aliexpress-media.com/kf/Sa3b4a1e71b4c47f9afea752cad35920eA.jpeg","Not Available","Not Available","Not Available","Not Available","Not Available","US","Not Available","Not Available","Not Available","Free","2026-07-16 0:00:00","Not Available"
"3256812566066040","1 long-shaped butter bread squishy slow-rebound squeeze toy, funny prank toy, butter cheese sensory toy, kneadable, fun soft rebound, slow-squeeze toy, suitable as a holiday gift for boys and girls, Christmas and Halloween party supplies","US $5.91","US $17.63","66%","https://aliexpress.com/item/3256812566066040.html","https://ae-pic-a1.aliexpress-media.com/kf/S281f078ba66644d8afc92e0d07de63a5v.jpg","Not Available","Not Available","Not Available","Not Available","Not Available","US","Not Available","Not Available","Not Available","Free","2026-07-16 0:00:00","Not Available"
"3256812566157581","Soft and squishy banana toy| Yellow funny smiley face squeeze toy| Chubby bananas are suitable for desktop decoration| Suitable for classroom rewards, stress-relief toys for the office, funny prank toys,","US $5.92","US $17.66","66%","https://aliexpress.com/item/3256812566157581.html","https://ae-pic-a1.aliexpress-media.com/kf/Sfe4083c3520546f98c702d6b310861b6k.jpeg","Not Available","Not Available","Not Available","Not Available","Not Available","US","Not Available","Not Available","Not Available","Free","2026-07-16 0:00:00","Not Available"
"3256812559722654","butter stick squeeze toys, slow-rebound PU foam squishy toy set, soft sensory stress-relief toys, suitable for relaxation, party favors, and birthday gifts","US $5.93","US $17.68","66%","https://aliexpress.com/item/3256812559722654.html","https://ae-pic-a1.aliexpress-media.com/kf/Sa707fb9a448945f4b77bcab882c69f74L.jpg","Not Available","Not Available","Not Available","Not Available","Not Available","US","Not Available","Not Available","Not Available","Free","2026-07-16 0:00:00","Not Available"
"3256812559730607","1 transparent apple squishy toy, maltose slow-rebound stress-relief toy, simulated apple squeeze ball, randomly colored stress-relief toy, with an ice-clear jelly texture, soft and elastic, slow-rebound, providing a cool and soothing sensation,","US $5.91","US $17.61","66%","https://aliexpress.com/item/3256812559730607.html","https://ae-pic-a1.aliexpress-media.com/kf/S84ad37fb8de24990bf0823289589f60ej.jpeg","Not Available","Not Available","Not Available","Not Available","Not Available","US","Not Available","Not Available","Not Available","Free","2026-07-16 0:00:00","Not Available"
"3256812566075992","New large chocolate squishy toy - slow rebound texture, suitable for birthday party decorations, and an excellent choice for holiday gifts and classroom rewards.","US $5.92","US $17.67","66%","https://aliexpress.com/item/3256812566075992.html","https://ae-pic-a1.aliexpress-media.com/kf/S3a731bb8e5b946db995fe7bbb68f97e0I.jpeg","Not Available","Not Available","Not Available","Not Available","Not Available","US","Not Available","Not Available","Not Available","Free","2026-07-16 0:00:00","Not Available"
"3256812492015777","Internet-famous giant cheese squishy, PU material, slow-rebound cheese stress-relief toy—perfect for kids and adults alike.","US $2.86","US $17.85","84%","https://aliexpress.com/item/3256812492015777.html","https://ae-pic-a1.aliexpress-media.com/kf/S3133fe6a104942939712f68ed2c9bc7a2.jpg","Not Available","Not Available","Not Available","Not Available","Not Available","US","Not Available","Not Available","Not Available","Free","2026-07-07 0:00:00","Not Available"
"3256812209291328","6Pcs 3D Dog & Cat Belly Mochi Squishy Stickers, Stress Relief Fidget, Cute Squeeze Toys for Kids Party Favors, Classroom Gifts, School Rewards, Fun  Gift for Adults & Kids, Silicone Puffy Car Door & Wall Buffers, Valentine's Day & Easter.","US $7.12","US $21.59","67%","https://aliexpress.com/item/3256812209291328.html","https://ae-pic-a1.aliexpress-media.com/kf/S4b03a0624a2f43acb97e2b9907d07d55u.png","Not Available","Not Available","Not Available","Not Available","Not Available","US","Not Available","Not Available","Not Available","Free","2026-05-27 0:00:00","Not Available"
"3256812394525062","New product tasting price Dumplings Squishys Mystery Box, Random of 24 Colors, Slow Rising Squeeze Toy, Sensory Fidget Toys for","US $67.48","US $224.95","70%","https://aliexpress.com/item/3256812394525062.html","https://ae-pic-a1.aliexpress-media.com/kf/Sdd4d7063420b4264b122035224f1b5f37.jpg","Not Available","Not Available","Not Available","Not Available","Not Available","US","Not Available","Not Available","Not Available","Free","2026-06-24 0:00:00","Not Available"
"3256812394523088","New product tasting price Squishy Ice Cube Fidget Toy - Gifts for Men Women Stress Ball for Desk Fidgeting, Soft Sensory Squeez","US $67.48","US $224.95","70%","https://aliexpress.com/item/3256812394523088.html","https://ae-pic-a1.aliexpress-media.com/kf/S3355982aca21458f88caa84b932374449.jpg","Not Available","Not Available","Not Available","Not Available","Not Available","US","Not Available","Not Available","Not Available","Free","2026-06-24 0:00:00","Not Available"
"3256812372140812","Rising Bread Set, Hawaiian Roll, Slow Rising Squishy, Foam Stress Relief Toy, Party Favor Gift,PU Materia Fidget Toy For Office Or Party Favor","US $2.78","US $17.38","84%","https://aliexpress.com/item/3256812372140812.html","https://ae-pic-a1.aliexpress-media.com/kf/Sb9707570d4b24809ab0f5692fe10479ce.jpg","Not Available","Not Available","Not Available","Not Available","Not Available","US","Not Available","Not Available","Not Available","Free","2026-06-21 0:00:00","Not Available"
"3256812409960475","Cat Paw Squishy Blind Box, Mystery Soft Squeeze Toy, Stress Relief Sensory Gift for","US $54.38","US $162.20","66%","https://aliexpress.com/item/3256812409960475.html","https://ae-pic-a1.aliexpress-media.com/kf/Sf56caf532ccb416e84685cb916ca9a2fT.jpg","Not Available","Not Available","Not Available","Not Available","Not Available","US","Not Available","Not Available","Not Available","Free","2026-06-26 0:00:00","Not Available"
"3256812393556167","Strawberry & Blueberry Souffle Cream Squishies, Realistic Cake Squishy Stress Relief Toy, Perfect Gift For Holidays, Birthdays, Christmas, And Parties","US $3.44","US $11.46","70%","https://aliexpress.com/item/3256812393556167.html","https://ae-pic-a1.aliexpress-media.com/kf/Sd9679759ce854b4e8bd1ada6906280bcC.jpg","Not Available","Not Available","Not Available","Not Available","Not Available","US","Not Available","Not Available","Not Available","Free","2026-06-23 0:00:00","Not Available"
"3256812394754384","2-Pack Taba Squishy Cat Paw Sensory Fidget Toys Adults, Anxiety Stress Relief Squeeze Toy, Soft Cute Kawaii Squishy's for Desk,","US $39.68","US $132.27","70%","https://aliexpress.com/item/3256812394754384.html","https://ae-pic-a1.aliexpress-media.com/kf/Sa9e4f614402644c8b6d6d8ed0c6f6650t.jpg","Not Available","Not Available","Not Available","Not Available","Not Available","US","Not Available","Not Available","Not Available","Free","2026-06-24 0:00:00","Not Available"
"3256812379305694","Caramel Color Cloud Bread Slow Rebound Pinch Music Decompression Vent Toy squishy Decompression","US $11.28","US $37.60","70%","https://aliexpress.com/item/3256812379305694.html","https://ae-pic-a1.aliexpress-media.com/kf/S8fb2eff8a6d14561b85214d2b5ae3617l.jpg","Not Available","Not Available","Not Available","Not Available","Not Available","US","Not Available","Not Available","Not Available","Free","2026-06-22 0:00:00","Not Available"
"3256812399799654","New product tasting price Stress Balls-Gumdrop Squishy Stress for and Adults, Super Solid Squeeze Ball, Sensory for Stress Reli","US $22.01","US $137.56","84%","https://aliexpress.com/item/3256812399799654.html","https://ae-pic-a1.aliexpress-media.com/kf/S64f23391c73641bdb727194a64c90907o.jpg","Not Available","Not Available","Not Available","Not Available","Not Available","US","Not Available","Not Available","Not Available","Free","2026-06-24 0:00:00","Not Available"
"3256812394684509","New product tasting price Taba Squishy Fidget Toys 2Pcs, Stress Relief Sensory Squeeze Toys for 4-8 8-2, Kawaii Taba Squishies","US $39.68","US $132.27","70%","https://aliexpress.com/item/3256812394684509.html","https://ae-pic-a1.aliexpress-media.com/kf/S24bcdbcc114a4328b403675edf186dd7R.jpg","Not Available","Not Available","Not Available","Not Available","Not Available","US","Not Available","Not Available","Not Available","Free","2026-06-24 0:00:00","Not Available"
"3256812394606872","New product tasting price Hamee Pusheen The Cat [Kitchen Series] Cute Water Filled Squishy Toy [Birthday Gift Bags, Party Favor","US $43.65","US $145.51","70%","https://aliexpress.com/item/3256812394606872.html","https://ae-pic-a1.aliexpress-media.com/kf/S2b9a3426390d46248dca49f7a5d3a2f2m.jpg","Not Available","Not Available","Not Available","Not Available","Not Available","US","Not Available","Not Available","Not Available","Free","2026-06-24 0:00:00","Not Available"
"3256812394559090","Popsicle Squishy Squeeze Toys, Malt Sugar Ice Cream Squishies Slow Rising Sensory Fidget Travel Toys for Adults,,and Teens Summ","US $39.68","US $132.27","70%","https://aliexpress.com/item/3256812394559090.html","https://ae-pic-a1.aliexpress-media.com/kf/Sd74964b1e7fb4926992c68fc6a889d2eh.jpg","Not Available","Not Available","Not Available","Not Available","Not Available","US","Not Available","Not Available","Not Available","Free","2026-06-24 0:00:00","Not Available"
"3256812399814020","4 Pcs Fruit Taba Squishy Toys, Soft Squeeze Fidgets, Banana, Grape, Strawberry, Peach Fufu Squishy Toys, Cute Taba Squishy Toys","US $40.22","US $211.71","81%","https://aliexpress.com/item/3256812399814020.html","https://ae-pic-a1.aliexpress-media.com/kf/Seea2f8408fd64f1594251ede5aa59374m.jpg","Not Available","Not Available","Not Available","Not Available","Not Available","US","Not Available","Not Available","Not Available","Free","2026-06-24 0:00:00","Not Available"
"3256812400259172","Cubeez Squishy Stress Cubes 4 Pack Sensory Fidget Toys for Fun Stretchy Squeeze Stress Balls Colorful Ice Cube Squishies Calmin","US $72.54","US $216.32","66%","https://aliexpress.com/item/3256812400259172.html","https://ae-pic-a1.aliexpress-media.com/kf/S9cbb57a5c2d54d65a57069e736cf2536M.jpg","Not Available","Not Available","Not Available","Not Available","Not Available","US","Not Available","Not Available","Not Available","Free","2026-06-25 0:00:00","Not Available"
"3256812394722579","200 Pcs Mochi Squishy Toys, Kawaii Squishies Bulk Party Favors for 4-8 8-2 Boys Girls Toddlers Teens, Gifts for Eastet Egg Fill","US $119.12","US $397.07","70%","https://aliexpress.com/item/3256812394722579.html","https://ae-pic-a1.aliexpress-media.com/kf/S329a87c33fc94b17881efa26d28c5125Q.jpg","Not Available","Not Available","Not Available","Not Available","Not Available","US","Not Available","Not Available","Not Available","Free","2026-06-24 0:00:00","Not Available"
"3256812400602569","Squisheez Axolotl 4Pack - Mini Squishy Animal Toys for Stress Relief - Fun and Cute Toys for and Adults - Kawaii Squishies in P","US $81.61","US $243.38","66%","https://aliexpress.com/item/3256812400602569.html","https://ae-pic-a1.aliexpress-media.com/kf/S819483d832de4077ba47665fe4460518M.jpg","Not Available","Not Available","Not Available","Not Available","Not Available","US","Not Available","Not Available","Not Available","Free","2026-06-25 0:00:00","Not Available"
"3256812394710324","New product tasting price Ice Cube Fidget Toys, Ice Cube Marine Shells Squishy Toy for Adults, Stress Cube Marine Style Shells,","US $39.68","US $132.27","70%","https://aliexpress.com/item/3256812394710324.html","https://ae-pic-a1.aliexpress-media.com/kf/S599bd032588a47618671d09a32a892602.jpg","Not Available","Not Available","Not Available","Not Available","Not Available","US","Not Available","Not Available","Not Available","Free","2026-06-24 0:00:00","Not Available"
"3256812405666136","20 Pack Squishy Stress Cubes Fidget Toys, Squishy Ball, Squishy Fidget Toys for Anxiety Relief, Squeeze Balls for Adults, Party","US $72.54","US $216.32","66%","https://aliexpress.com/item/3256812405666136.html","https://ae-pic-a1.aliexpress-media.com/kf/S36d51f41d0b24238b971b2534fdefbb5i.jpg","Not Available","Not Available","Not Available","Not Available","Not Available","US","Not Available","Not Available","Not Available","Free","2026-06-25 0:00:00","Not Available"
"3256812394590798","New product tasting price Squishy Sensory Toys for Toddlers: Super Soft and Textured Sensory Fidget Toy for Autistic Special Ne","US $21.16","US $132.27","84%","https://aliexpress.com/item/3256812394590798.html","https://ae-pic-a1.aliexpress-media.com/kf/Seb88fa7c8b494c9382c8ce49c4b404e4x.jpg","Not Available","Not Available","Not Available","Not Available","Not Available","US","Not Available","Not Available","Not Available","Free","2026-06-24 0:00:00","Not Available"
"3256812394720411","New product tasting price Funny Stress Balls for Adults - Zen Style Squishy Squeeze Toy, Hilarious Gag Gift for Coworkers, Men","US $31.74","US $105.79","70%","https://aliexpress.com/item/3256812394720411.html","https://ae-pic-a1.aliexpress-media.com/kf/Sdb1aedc887be4580a40b938b77bcde96Y.jpg","Not Available","Not Available","Not Available","Not Available","Not Available","US","Not Available","Not Available","Not Available","Free","2026-06-24 0:00:00","Not Available"
"3256812399935302","New product tasting price Stress Cube Squishy Toy, .97 Inch Slow Rising Fidget Stress Ball with Flow Texture Inside, Anxiety Re","US $27.76","US $92.55","70%","https://aliexpress.com/item/3256812399935302.html","https://ae-pic-a1.aliexpress-media.com/kf/S2ca2e31b9ff9448dbd28c1f199b27ce2T.jpg","Not Available","Not Available","Not Available","Not Available","Not Available","US","Not Available","Not Available","Not Available","Free","2026-06-24 0:00:00","Not Available"
"3256812387041351","Squishy Slow Rebound Soft Bread Squeeze Toy, Cake PU Slow Rebound, Creative Small Gift, New Year Gift, April Fool's Day Gift, Holiday Gift, Perfect Gift, Christmas Gift, Easter Basket Filler (14+ Adult)","US $4.51","US $15.02","70%","https://aliexpress.com/item/3256812387041351.html","https://ae-pic-a1.aliexpress-media.com/kf/S9ac0322d7b184a3ba44dc75d5bcab7a7a.jpg","Not Available","Not Available","Not Available","Not Available","Not Available","US","Not Available","Not Available","Not Available","Free","2026-06-22 0:00:00","Not Available"
"3256812394447141","New product tasting price 2 Pack Fidget Stress Balls for Adults, Cute Octopus Stress Sensory Stress Ball, Bulk Squishy Squeeze","US $53.98","US $179.93","70%","https://aliexpress.com/item/3256812394447141.html","https://ae-pic-a1.aliexpress-media.com/kf/S8165484c7361439c8ed545e2d47db647q.jpg","Not Available","Not Available","Not Available","Not Available","Not Available","US","Not Available","Not Available","Not Available","Free","2026-06-24 0:00:00","Not Available"
"3256812394646919","JOYIN 24 Pcs Kawaii Taba Squishy Toy Keychains, Assorted Animal and Food Squishy Toy, Individually Wrapped TPR Fidget Toys for","US $33.94","US $238.19","85%","https://aliexpress.com/item/3256812394646919.html","https://ae-pic-a1.aliexpress-media.com/kf/Sf648b84d9b9c45539efa2f9a6238b7825.jpg","Not Available","Not Available","Not Available","Not Available","Not Available","US","Not Available","Not Available","Not Available","Free","2026-06-24 0:00:00","Not Available"
"3256812394688711","Flex Rubber for Taba Squishy Kit, All-in-one Beginner Kit for Squishy Maker, with 6oz Silicone Gel, Hamster/Capybara/Rabbit/Chi","US $119.12","US $397.07","70%","https://aliexpress.com/item/3256812394688711.html","https://ae-pic-a1.aliexpress-media.com/kf/Sa08fd7bd50c44261a551582ba7bd894ak.jpg","Not Available","Not Available","Not Available","Not Available","Not Available","US","Not Available","Not Available","Not Available","Free","2026-06-24 0:00:00","Not Available"
"3256812394546999","New product tasting price Zodiac Squeezable Series Blind Box Figure, Random Design Bear Slow Rising Squishy Toy, Cute Stress Re","US $55.17","US $183.90","70%","https://aliexpress.com/item/3256812394546999.html","https://ae-pic-a1.aliexpress-media.com/kf/Se35515365df24264b53a84551e98001aa.jpg","Not Available","Not Available","Not Available","Not Available","Not Available","US","Not Available","Not Available","Not Available","Free","2026-06-24 0:00:00","Not Available"
"3256812394638461","New product tasting price Calma Llama Stress Relief Toy Unique Stress Balls for Adults and Teenagers - Animal Squishy Fidget To","US $55.41","US $184.70","70%","https://aliexpress.com/item/3256812394638461.html","https://ae-pic-a1.aliexpress-media.com/kf/Sa100bb16a9dd4b87b7bc588e9811d656a.jpg","Not Available","Not Available","Not Available","Not Available","Not Available","US","Not Available","Not Available","Not Available","Free","2026-06-24 0:00:00","Not Available"
"3256812410029093","Stress Hog Toy - Unique Stress Balls for Adults and Teenagers Squishy Fidget Toys for Anxiety - Cool Desk Accessories Cute Hedg","US $63.28","US $188.72","66%","https://aliexpress.com/item/3256812410029093.html","https://ae-pic-a1.aliexpress-media.com/kf/Sadc88de0be194f9facd1bc13424106faH.jpg","Not Available","Not Available","Not Available","Not Available","Not Available","US","Not Available","Not Available","Not Available","Free","2026-06-26 0:00:00","Not Available"
"3256812409920751","20Pack Stress Balls, Squishy Balls, Squeeze Balls for Adults, Stress Relief Balls, Prize Box Stuffers, Party Favors","US $101.56","US $302.90","66%","https://aliexpress.com/item/3256812409920751.html","https://ae-pic-a1.aliexpress-media.com/kf/S15822b652a924688920b7314f80eb515K.jpg","Not Available","Not Available","Not Available","Not Available","Not Available","US","Not Available","Not Available","Not Available","Free","2026-06-26 0:00:00","Not Available"
"3256812399833809","New product tasting price 3Pcs Taba Squishies Fidget Toys, Stress Balls for and Adults, Squishies Stress Cube, Sensory Toys for","US $111.14","US $370.46","70%","https://aliexpress.com/item/3256812399833809.html","https://ae-pic-a1.aliexpress-media.com/kf/Sd7c0ce05147c4101ae0ed12337476e65X.jpg","Not Available","Not Available","Not Available","Not Available","Not Available","US","Not Available","Not Available","Not Available","Free","2026-06-24 0:00:00","Not Available"
"3256812399915375","New product tasting price 3 Pack Slow-Rise Stress Relief Strong Sensory Toys for and Adults, Color-Changing Squishy Fidget Ball","US $51.60","US $171.99","70%","https://aliexpress.com/item/3256812399915375.html","https://ae-pic-a1.aliexpress-media.com/kf/Sb846267ffa014a96a4f6d077701713b9F.jpg","Not Available","Not Available","Not Available","Not Available","Not Available","US","Not Available","Not Available","Not Available","Free","2026-06-24 0:00:00","Not Available"
"3256812399993259","80 Pack Squishy Toys, Kawaii Party Favors for 3-5, 4-8, 8-2, Treasure Box Toys for Classroom Prizes, Mini Birthday Gifts Goodie","US $71.46","US $238.19","70%","https://aliexpress.com/item/3256812399993259.html","https://ae-pic-a1.aliexpress-media.com/kf/Sc666c2c6e57946fb803a8fc12fbcfe8a1.jpg","Not Available","Not Available","Not Available","Not Available","Not Available","US","Not Available","Not Available","Not Available","Free","2026-06-24 0:00:00","Not Available"
"3256812415655289","Dumpling Fidget Squishies, Mystery Squishy Fidget Dumpling Box, Squeeze Toys for Anxiety Stress Relief, Blow Bubbles Dumplings","US $40.78","US $121.62","66%","https://aliexpress.com/item/3256812415655289.html","https://ae-pic-a1.aliexpress-media.com/kf/S2dcd052b2ecb48c3a364baf519a34776Q.jpg","Not Available","Not Available","Not Available","Not Available","Not Available","US","Not Available","Not Available","Not Available","Free","2026-06-26 0:00:00","Not Available"
"3256812295944869","Super Jumbo Strawberry Squishi Cream Scented Squishy Slow Rising Antistress Toy Kids Grownups Squeeze Squishy Toys 11.5*9 CM","US $9.56","US $31.88","70%","https://aliexpress.com/item/3256812295944869.html","https://ae-pic-a1.aliexpress-media.com/kf/Sd9fe38eaaf39406f967b8109dbd4e1d3f.jpg","Not Available","Not Available","Not Available","Not Available","Not Available","US","Not Available","Not Available","Not Available","Free","2026-06-10 0:00:00","Not Available"
"3256812394624749","New product tasting price 8 Styles Squishy Blind Box, Random Stress Balls Fidget Toys Anxiety Relief 8 Styles Mystery Box Squis","US $95.29","US $317.63","70%","https://aliexpress.com/item/3256812394624749.html","https://ae-pic-a1.aliexpress-media.com/kf/Sa5d886cb7eb8451e958bca1b41f6534dI.jpg","Not Available","Not Available","Not Available","Not Available","Not Available","US","Not Available","Not Available","Not Available","Free","2026-06-24 0:00:00","Not Available"
"3256812411240192","Space Man Squishy Tabas Astronaut Squeeze Fidget Toy Stress Ball Pinch Anti-stress Squishy Toys For Birthday Gifts Party Favors","US $6.58","US $19.63","66%","https://aliexpress.com/item/3256812411240192.html","https://ae-pic-a1.aliexpress-media.com/kf/Sf55b271a8c9f45b688e159138760b1cf5.jpg","Not Available","Not Available","Not Available","Not Available","Not Available","US","Not Available","Not Available","Not Available","Free","2026-06-25 0:00:00","Not Available"
"3256812394554921","New product tasting price 30 Pack Squishy Toys, Kawaii Party Favors for 3-5, 4-8, 8-2, Treasure Box Toys for Classroom Prizes,","US $47.62","US $158.75","70%","https://aliexpress.com/item/3256812394554921.html","https://ae-pic-a1.aliexpress-media.com/kf/Sad8efd878df94df1abdec4ddeabe2596Y.jpg","Not Available","Not Available","Not Available","Not Available","Not Available","US","Not Available","Not Available","Not Available","Free","2026-06-24 0:00:00","Not Available"
"3256812395769970","Peanut Shaped Silicone Squishy Stress Relief Toy Soft Squeeze for Adults Women Party Birthday Easter Halloween Christmas Gift","US $5.89","US $19.63","70%","https://aliexpress.com/item/3256812395769970.html","https://ae-pic-a1.aliexpress-media.com/kf/S804a35af113f410289360f72b47936dbg.jpg","Not Available","Not Available","Not Available","Not Available","Not Available","US","Not Available","Not Available","Not Available","Free","2026-06-23 0:00:00","Not Available"
"3256812375737123","Squishy Blind Box Toy, Cute Cube Ocean Animal Fidget, Random Surprise Sensory Squeeze Stress Relief Gift Kids Adults","US $22.00","US $73.32","70%","https://aliexpress.com/item/3256812375737123.html","https://ae-pic-a1.aliexpress-media.com/kf/Sded23cca7d594077a79267b04af35c98m.jpg","Not Available","Not Available","Not Available","Not Available","Not Available","US","Not Available","1 sold","1","Free","2026-06-22 0:00:00","Not Available"
"3256812409900748","Funny Stress Balls for Adults - Zen Style Squishy Squeeze Toy, Hilarious Gag Gift for Coworkers, Men and Women Unique Stress Re","US $36.24","US $108.09","66%","https://aliexpress.com/item/3256812409900748.html","https://ae-pic-a1.aliexpress-media.com/kf/Se3d50b2db5c04aabbe0a8ea30f0da9d8X.jpg","Not Available","Not Available","Not Available","Not Available","Not Available","US","Not Available","Not Available","Not Available","Free","2026-06-26 0:00:00","Not Available"
"3256812405795750","Slow Rising Squishy Cube Fidget Toy - Stress Relief Anxiety Squeeze Toy, Premium Decompression Sensory Tool for Office, for Fri","US $45.32","US $135.15","66%","https://aliexpress.com/item/3256812405795750.html","https://ae-pic-a1.aliexpress-media.com/kf/Sc34c267a7f664cd7bc6c8ee6abc89079j.jpg","Not Available","Not Available","Not Available","Not Available","Not Available","US","Not Available","Not Available","Not Available","Free","2026-06-25 0:00:00","Not Available"
"3256812394770258","Magic Water Elf Toy Kit Squishies for,20 Gels and 0 Molds, Magic Gel Water Pets Sensory DIY Craft Kit, Party Favors and Summer","US $107.20","US $357.35","70%","https://aliexpress.com/item/3256812394770258.html","https://ae-pic-a1.aliexpress-media.com/kf/S0b24f899aaa6459c99e60844ee78e174H.jpg","Not Available","Not Available","Not Available","Not Available","Not Available","US","Not Available","Not Available","Not Available","Free","2026-06-24 0:00:00","Not Available"
"3256812394638488","New product tasting price PolySquish Discovery Series - Blind Box- Mystery Squishy - Color Mixing Sensory Stress Relief Toy - T","US $47.50","US $158.35","70%","https://aliexpress.com/item/3256812394638488.html","https://ae-pic-a1.aliexpress-media.com/kf/S6ea8d826b0614a648198235f4f24c4b7g.jpg","Not Available","Not Available","Not Available","Not Available","Not Available","US","Not Available","Not Available","Not Available","Free","2026-06-24 0:00:00","Not Available"
"3256812394576780","New product tasting price 24 Pack Axolotl Slow Squishy Toys Soft Stress Relief Fidgets Toys for Boys Girls Party Favors Novelty","US $40.22","US $211.71","81%","https://aliexpress.com/item/3256812394576780.html","https://ae-pic-a1.aliexpress-media.com/kf/S2939dc0a68004320b84c6dd7e3432961h.jpg","Not Available","Not Available","Not Available","Not Available","Not Available","US","Not Available","Not Available","Not Available","Free","2026-06-24 0:00:00","Not Available"
"3256812405856550","Cute Goldfish Squishy Squeeze Toy Soft Sticky Pinch Toy Slow Rising Stress Relief Antistress Toy for Kids and Adults","US $6.58","US $19.63","66%","https://aliexpress.com/item/3256812405856550.html","https://ae-pic-a1.aliexpress-media.com/kf/S1a43ec6a221a447fa7059da6866ab7e4H.jpg","Not Available","Not Available","Not Available","Not Available","Not Available","US","Not Available","Not Available","Not Available","Free","2026-06-25 0:00:00","Not Available"
"3256812405842717","Strawberry double-layer toast Cake Taba Squishy Slow Rebound Wet and Soft Sticky Cake Pinching Decompression Hand Relax Toy Gift","US $6.58","US $19.63","66%","https://aliexpress.com/item/3256812405842717.html","https://ae-pic-a1.aliexpress-media.com/kf/S6004405b336a4134a3a83c2922a308ebM.jpg","Not Available","Not Available","Not Available","Not Available","Not Available","US","Not Available","Not Available","Not Available","Free","2026-06-25 0:00:00","Not Available"
"3256812415677939","Glitter Dumpling Squishy Blind Box Pack Cute Bun Stress Relief Fidget Set, Soft Squeeze Decompression Dough 2","US $89.81","US $267.86","66%","https://aliexpress.com/item/3256812415677939.html","https://ae-pic-a1.aliexpress-media.com/kf/S7b531326cca6488f879a37cad190dc5fA.jpg","Not Available","Not Available","Not Available","Not Available","Not Available","US","Not Available","Not Available","Not Available","Free","2026-06-26 0:00:00","Not Available"
"3256812425296756","1 Pcs Lucky Star Bread Super Soft Slow-Rising Squishies Toy Artificial Bread Stress Toy Simulating Fo","US $4.15","US $12.37","66%","https://aliexpress.com/item/3256812425296756.html","https://ae-pic-a1.aliexpress-media.com/kf/S28de9b468a5e48a1a6fd4f1e8c1aafe2A.jpg","Not Available","Not Available","Not Available","Not Available","Not Available","US","Not Available","Not Available","Not Available","Free","2026-06-28 0:00:00","Not Available"
"3256812411306080","Pink Yellow Juicy Peach Squishy Toy Anti-Stress Slow Rising Fruit Pinch Squeeze Stress Reliever Toys Fun Design Squeezable Toys","US $6.58","US $19.63","66%","https://aliexpress.com/item/3256812411306080.html","https://ae-pic-a1.aliexpress-media.com/kf/Sadd4474f632a478eb77aaafb8ccf51eaj.jpg","Not Available","Not Available","Not Available","Not Available","Not Available","US","Not Available","Not Available","Not Available","Free","2026-06-25 0:00:00","Not Available"
"3256812415860569","Glitter Baozi Squishies Stress Ball with Basket, 3.74in Dumplings Squishies Squeeze Toy, Soft Decompression Dough Stress Toys,","US $58.88","US $175.60","66%","https://aliexpress.com/item/3256812415860569.html","https://ae-pic-a1.aliexpress-media.com/kf/S74bca50e9f864add85fd0306387256e3L.jpg","Not Available","Not Available","Not Available","Not Available","Not Available","US","Not Available","Not Available","Not Available","Free","2026-06-27 0:00:00","Not Available"
"3256812410262697","24 Grid Mystery Dumpling Squishy Countdown Calendar Blind Box, Mini Kawaii Dumpling Squeeze Toys, Stress Relief Fidget Squishie","US $149.61","US $446.17","66%","https://aliexpress.com/item/3256812410262697.html","https://ae-pic-a1.aliexpress-media.com/kf/Scd51cdedeb8c4d049f52fc93fdb78b6bf.jpg","Not Available","Not Available","Not Available","Not Available","Not Available","US","Not Available","Not Available","Not Available","Free","2026-06-26 0:00:00","Not Available"
"3256812421385751","Shapeable Squishy Stress Ball - Vacuum Fillable Sensory Fidget Toy for Adults and,Soft Elastic Squeeze Toy for Anxiety Relief,","US $40.74","US $121.49","66%","https://aliexpress.com/item/3256812421385751.html","https://ae-pic-a1.aliexpress-media.com/kf/S21e381f8e46f4b508fa8197a360e4e82S.jpg","Not Available","Not Available","Not Available","Not Available","Not Available","US","Not Available","Not Available","Not Available","Free","2026-06-27 0:00:00","Not Available"
"3256812409927017","32Pcs Mochi Squishy Toys Bulk Kawaii Food Squishies Party Favor for Kid, Blind Mystery Bags Treasure Box Toy for Classroom Good","US $90.68","US $270.43","66%","https://aliexpress.com/item/3256812409927017.html","https://ae-pic-a1.aliexpress-media.com/kf/Sa22bca9b461d45428a39b53b4eb61877A.jpg","Not Available","Not Available","Not Available","Not Available","Not Available","US","Not Available","Not Available","Not Available","Free","2026-06-26 0:00:00","Not Available"
"3256812415718668","Axolotl Squishy Stress Toy Cute Sitting Axolotl Fidget Toy Soft Squeeze Sensory Toy for and Adults, Anxiety Relief Desk Toy, Pa","US $45.32","US $135.15","66%","https://aliexpress.com/item/3256812415718668.html","https://ae-pic-a1.aliexpress-media.com/kf/Sd5a7e1f941ba461eaf9198e97b854240N.jpg","Not Available","Not Available","Not Available","Not Available","Not Available","US","Not Available","Not Available","Not Available","Free","2026-06-27 0:00:00","Not Available"
"3256812405777974","Ice Cube Squishy Toy, 2in Squeeze Stress Ball Relief Cubes for Adults, Soft Rubber Sensory Fidget Toy Cube for Anxious Stress R","US $37.56","US $112.02","66%","https://aliexpress.com/item/3256812405777974.html","https://ae-pic-a1.aliexpress-media.com/kf/S2e3e02708b004906b78f20aeee74d16dv.jpg","Not Available","Not Available","Not Available","Not Available","Not Available","US","Not Available","Not Available","Not Available","Free","2026-06-25 0:00:00","Not Available"
"3256812379945556","New Cute Simulation Bean Squeeze Toys Children Decompression Toys Keychain Pendant Pinch Music Fidget Toys squishy Toy Kids Toy","US $9.85","US $32.83","70%","https://aliexpress.com/item/3256812379945556.html","https://ae-pic-a1.aliexpress-media.com/kf/S229b0a8726154550bba8ed3166b9adc7y.jpg","Not Available","Not Available","Not Available","Not Available","Not Available","US","Not Available","Not Available","Not Available","Free","2026-06-22 0:00:00","Not Available"
"3256812416108637","Shark Dumpling Squishy, Dumpling Squishy with Box, Random 1 of 7 Colors, Colorful Dumplings Squeeze Balls Stress Relief Sensory","US $63.42","US $189.13","66%","https://aliexpress.com/item/3256812416108637.html","https://ae-pic-a1.aliexpress-media.com/kf/Scb0cc9ad5cb64e409efba0e43c25468ed.jpg","Not Available","Not Available","Not Available","Not Available","Not Available","US","Not Available","Not Available","Not Available","Free","2026-06-27 0:00:00","Not Available"
"3256812394620601","New product tasting price 3Pcs Big Taba Squishies Strawberry, Cute Strawberry Squeeze Toys, Upgrade Fruit Squishies, Kawaii Sti","US $37.68","US $198.34","81%","https://aliexpress.com/item/3256812394620601.html","https://ae-pic-a1.aliexpress-media.com/kf/Sfa291b55375844df98cd91b1eb0e62c8X.jpg","Not Available","Not Available","Not Available","Not Available","Not Available","US","Not Available","Not Available","Not Available","Free","2026-06-24 0:00:00","Not Available"
"3256812379679941","Squishy Honey Cheese Square Squeeze Toys Super Soft Mochi Cheese Fidgets Toys Funny Anti-stress Sensory Toy for Adults Gifts","US $13.64","US $45.47","70%","https://aliexpress.com/item/3256812379679941.html","https://ae-pic-a1.aliexpress-media.com/kf/Se082ef34296f4cc4a7263eeb618916c1V.jpg","Not Available","Not Available","Not Available","Not Available","Not Available","US","Not Available","Not Available","Not Available","Free","2026-06-22 0:00:00","Not Available"
"3256812388923298","Realistic Steamed Bun Squishy Toy, Soft PU Foam Slow Rising Squeeze Fidget Toy with Smooth Bao Bun Shape, Handheld Stress Relief Toy for Adults, Desk Play, Office Breaks, Party Favors, Birthday Gifts, Travel and Cute Desktop Decor","US $15.58","US $51.94","70%","https://aliexpress.com/item/3256812388923298.html","https://ae-pic-a1.aliexpress-media.com/kf/S73359b8eb91a4b708f8283e8fa34481b5.jpg","Not Available","Not Available","Not Available","Not Available","Not Available","US","Not Available","Not Available","Not Available","Free","2026-06-23 0:00:00","Not Available"
"3256812379817672","Squishy Fruit Grapes Fidget Toy Squeeze Stress Relief Hand Toy Anti-Anxiety Fruit Stretchy Slow Rising Toy Creative Sensory Toy","US $12.55","US $41.83","70%","https://aliexpress.com/item/3256812379817672.html","https://ae-pic-a1.aliexpress-media.com/kf/Sd0b2803606234e1b9360fda340947431i.jpg","Not Available","Not Available","Not Available","Not Available","Not Available","US","Not Available","Not Available","Not Available","Free","2026-06-22 0:00:00","Not Available"
"3256812387599881","Cube Sensory Nice-Sicle Stress Relief Squishy Cube Anti-Anxiety Squeeze Object For Focus Population","US $4.34","US $27.14","84%","https://aliexpress.com/item/3256812387599881.html","https://ae-pic-a1.aliexpress-media.com/kf/Sef8668c1c3e141b7ba4cde0869d5e122e.jpg","Not Available","Not Available","Not Available","Not Available","Not Available","US","Not Available","Not Available","Not Available","Free","2026-06-23 0:00:00","Not Available"
"3256812399495993","Butter slow rising squishy dumpling stress ball toy for relieving stress enhancing focus at work or school and providing fun du","US $3.29","US $9.82","66%","https://aliexpress.com/item/3256812399495993.html","https://ae-pic-a1.aliexpress-media.com/kf/S9d9f346950da435ab836afd263b211d8r.jpg","Not Available","Not Available","Not Available","Not Available","Not Available","US","Not Available","Not Available","Not Available","Free","2026-06-24 0:00:00","Not Available"
"3256812399682248","New product tasting price Axolotl Squishy Stress Relief Toy, Soft Squeeze Sensory Fidget Toys for Adults, Swirl Stress Balls fo","US $39.68","US $132.27","70%","https://aliexpress.com/item/3256812399682248.html","https://ae-pic-a1.aliexpress-media.com/kf/Sf9a20f7a50d94781ba5c729b6bd5fe00G.jpg","Not Available","Not Available","Not Available","Not Available","Not Available","US","Not Available","Not Available","Not Available","Free","2026-06-24 0:00:00","Not Available"
"3256812383677120","Cute Dumpling Squishies Slow Rising Fidget Sensory Toy Kawaii Steam Bun Stress Relief Squeeze Toy for Kids Adults Gift","US $16.40","US $54.69","70%","https://aliexpress.com/item/3256812383677120.html","https://ae-pic-a1.aliexpress-media.com/kf/S37a9079ea750474baed1e436821f6b25Z.jpg","Not Available","Not Available","Not Available","Not Available","Not Available","US","Not Available","Not Available","Not Available","Free","2026-06-23 0:00:00","Not Available"
"3256812421585269","Stress Relief Toy Glossy Finish Soft Slow Rebound Glitter Dachshund Squeeze Toy Animal Decompression Toys Squishys Stress Ball","US $49.80","US $148.54","66%","https://aliexpress.com/item/3256812421585269.html","https://ae-pic-a1.aliexpress-media.com/kf/Sf851ccdbb52c41338e92d28df50cc784h.jpg","Not Available","Not Available","Not Available","Not Available","Not Available","US","Not Available","Not Available","Not Available","Free","2026-06-27 0:00:00","Not Available"
"3256812394728313","New product tasting price Non-Rebounding Coconut Oil Squish Ball Moldable Sensory Squishy Stress Balls Handmade Crunchy Anxiety","US $31.74","US $105.79","70%","https://aliexpress.com/item/3256812394728313.html","https://ae-pic-a1.aliexpress-media.com/kf/S37f2ffb492004e208e8856e45b66aa106.jpg","Not Available","Not Available","Not Available","Not Available","Not Available","US","Not Available","Not Available","Not Available","Free","2026-06-24 0:00:00","Not Available"
"3256812394540904","New product tasting price PCS Butter Squishy Slow Rising Butter Squishy Toy, Realistic Food Fidget Toys for Adults, Soft PU Mat","US $27.76","US $92.55","70%","https://aliexpress.com/item/3256812394540904.html","https://ae-pic-a1.aliexpress-media.com/kf/S41687722cb164008a0de450c78fe7edcn.jpg","Not Available","Not Available","Not Available","Not Available","Not Available","US","Not Available","Not Available","Not Available","Free","2026-06-24 0:00:00","Not Available"
"3256812394618963","4 Pack Octopus Stress Balls for Adults,Slow Rising Squishy for Anxiety Stress Relief, Cute Squeeze Ball for Party Favors/Taba S","US $35.19","US $185.23","81%","https://aliexpress.com/item/3256812394618963.html","https://ae-pic-a1.aliexpress-media.com/kf/S8a9a9c46a6d4457080b2d5c0c00c43bbE.jpg","Not Available","Not Available","Not Available","Not Available","Not Available","US","Not Available","Not Available","Not Available","Free","2026-06-24 0:00:00","Not Available"
"3256812394471109","New product tasting price 00 Pcs Party Favors and Squishy Toys Bulk for 4-2, Fidget Toys Sensory Stress Relief Toys for Classro","US $95.29","US $317.63","70%","https://aliexpress.com/item/3256812394471109.html","https://ae-pic-a1.aliexpress-media.com/kf/Scb61ff62264e45c8abb6f7afcadf2bdaC.jpg","Not Available","Not Available","Not Available","Not Available","Not Available","US","Not Available","Not Available","Not Available","Free","2026-06-24 0:00:00","Not Available"
"3256812394544672","New product tasting price Emotional Support Dumplings by Relatable, Cuddly Stuffed Animals and Toys, Squishy Toys and Plushies,","US $51.60","US $171.99","70%","https://aliexpress.com/item/3256812394544672.html","https://ae-pic-a1.aliexpress-media.com/kf/Sea1010d0c8c649f395723af893d688dcL.jpg","Not Available","Not Available","Not Available","Not Available","Not Available","US","Not Available","Not Available","Not Available","Free","2026-06-24 0:00:00","Not Available"
"3256812394499037","New product tasting price 4 Pack Virus Splat Stress Balls, Textured Squishy Fidget Toys, Malt Syrup Squeeze Sensory Stress Reli","US $53.98","US $179.93","70%","https://aliexpress.com/item/3256812394499037.html","https://ae-pic-a1.aliexpress-media.com/kf/Sd9fbde879d5b44fa9ef2c643ec79e941h.jpg","Not Available","Not Available","Not Available","Not Available","Not Available","US","Not Available","Not Available","Not Available","Free","2026-06-24 0:00:00","Not Available"
"3256812405747906","2 Pack Ice Cube Squishy Fidget Toys, Slow Rising Sensory Stress Cubes for Anxiety Relief, Soft Squeeze Desk Toys for Adults Tee","US $38.56","US $114.99","66%","https://aliexpress.com/item/3256812405747906.html","https://ae-pic-a1.aliexpress-media.com/kf/S26e8f3d365164e27ae24733ff783287f9.jpg","Not Available","Not Available","Not Available","Not Available","Not Available","US","Not Available","Not Available","Not Available","Free","2026-06-25 0:00:00","Not Available"
"3256812406083371","West Highland Dog Soft Squishy Toys, Slow Rising Fidget Fidget Squeeze Toys Anxiety Relief","US $35.29","US $105.25","66%","https://aliexpress.com/item/3256812406083371.html","https://ae-pic-a1.aliexpress-media.com/kf/S6fce6496863c4df38d1ee97bae4df01dS.jpg","Not Available","Not Available","Not Available","Not Available","Not Available","US","Not Available","Not Available","Not Available","Free","2026-06-25 0:00:00","Not Available"
"3256812351115246","1Pc Glitter Crystal Swan Duck Squishy Toy, Slow Rising Soft Stress Relief Squeeze Toy, Portable Mini Desk Ornament,","US $5.60","US $16.69","66%","https://aliexpress.com/item/3256812351115246.html","https://ae-pic-a1.aliexpress-media.com/kf/S4552c3314b62413c82216f32780704773.jpg","Not Available","Not Available","Not Available","Not Available","Not Available","US","Not Available","Not Available","Not Available","Free","2026-06-17 0:00:00","Not Available"
"3256812362821812","Squishy Cheese Cake Bread Squeeze Toy Soft Stress Relief Slow Rising Sensory Fidget for Anxiety ADHD Autism Gift for Kids Adults","US $8.23","US $24.54","66%","https://aliexpress.com/item/3256812362821812.html","https://ae-pic-a1.aliexpress-media.com/kf/S9718399af5fe4f6e9fa92563e5ce1e04Y.jpg","Not Available","Not Available","Not Available","Not Available","Not Available","US","Not Available","Not Available","Not Available","Free","2026-06-18 0:00:00","Not Available"
"3256812433642618","Glow In The Dark Mochi Squishy Squeeze Toy Kawaii Animals Stress Relief Toys Pack Kids Birthday Party Favors Goodie Bags","US $6.58","US $19.63","66%","https://aliexpress.com/item/3256812433642618.html","https://ae-pic-a1.aliexpress-media.com/kf/Sed7d66ea93c84c8bbb6efd774548f507d.jpg","Not Available","Not Available","Not Available","Not Available","Not Available","US","Not Available","Not Available","Not Available","Free","2026-06-29 0:00:00","Not Available"
"3256812399721885","New product tasting price 4Pack Fidget Toys Mini Squishy Stress Cube, Stress Balls for,Adults Squishies Anxiety Stress Relief,","US $119.12","US $397.07","70%","https://aliexpress.com/item/3256812399721885.html","https://ae-pic-a1.aliexpress-media.com/kf/Se20d54ab10384cb9a19409d4801211700.jpg","Not Available","Not Available","Not Available","Not Available","Not Available","US","Not Available","Not Available","Not Available","Free","2026-06-24 0:00:00","Not Available"
"3256812375804932","Mystery Squishy Blind Box, Cute Cube Ocean Animal Squeeze Toy, Random Surprise Sensory Fidget Stress Relief Gift for Kids","US $21.50","US $71.67","70%","https://aliexpress.com/item/3256812375804932.html","https://ae-pic-a1.aliexpress-media.com/kf/Se31f5a71821e4a9da5b19545b28c5d6cd.jpg","Not Available","Not Available","Not Available","Not Available","Not Available","US","Not Available","Not Available","Not Available","Free","2026-06-22 0:00:00","Not Available"
"3256812399945488","2PCS Ice Cream Squeeze Squishy, Ice Cream Squeeze Toys, Slow Rise Sensory Fidget Toy for Stress and Anxiety Relief, Summer Sens","US $39.68","US $132.27","70%","https://aliexpress.com/item/3256812399945488.html","https://ae-pic-a1.aliexpress-media.com/kf/S53146766c15c4516985dfed6401d7b49z.jpg","Not Available","Not Available","Not Available","Not Available","Not Available","US","Not Available","Not Available","Not Available","Free","2026-06-24 0:00:00","Not Available"
"3256812438809540","Squishy Sequins Game Machine Maltose Fidget Toy Anti-stress Slow Rebound Pinch Toy Soft Squeezing Colored Decompression Toy","US $6.58","US $19.63","66%","https://aliexpress.com/item/3256812438809540.html","https://ae-pic-a1.aliexpress-media.com/kf/S7dfbbcdede2d4f4e8cd3c434767232892.jpg","Not Available","Not Available","Not Available","Not Available","Not Available","US","Not Available","Not Available","Not Available","Free","2026-06-29 0:00:00","Not Available"
"3256812414011887","Dumpling Squishies, 3.4inch Colorful Dumpling Stress Balls, Fidget Sensory Toy, Squeeze Dough Ball Stress Relief Hand Toys with","US $28.99","US $86.45","66%","https://aliexpress.com/item/3256812414011887.html","https://ae-pic-a1.aliexpress-media.com/kf/S9fe567dc2c1a4be8837daea413caab43d.jpg","Not Available","Not Available","Not Available","Not Available","Not Available","US","Not Available","Not Available","Not Available","Free","2026-06-26 0:00:00","Not Available"
"3256812389420049","1PC/4PCS Cute Simulated Lizard Squishy Toy, Soft Stretchable Fidget Toy, Stress Relief Sensory Toy, Funny Prank Toy For Kids And Adults, Party Favor, Birthday Gift, Office Desk Toy, Travel Decompression Toy","US $17.28","US $51.54","66%","https://aliexpress.com/item/3256812389420049.html","https://ae-pic-a1.aliexpress-media.com/kf/S5752a3629af0447ea560c9bc30627153f.jpg","Not Available","Not Available","Not Available","Not Available","Not Available","US","Not Available","Not Available","Not Available","Free","2026-06-23 0:00:00","Not Available"
"3256812410168580","6 Pack Stress Balls, 3 Textures Crunchy Sand Squishy Balls ASMR Toys with Air Pumps Smoothie Balls for Stress Relief, Squeeze F","US $99.75","US $297.49","66%","https://aliexpress.com/item/3256812410168580.html","https://ae-pic-a1.aliexpress-media.com/kf/Sa60ef21f0b114978b06d59136764f809l.jpg","Not Available","Not Available","Not Available","Not Available","Not Available","US","Not Available","Not Available","Not Available","Free","2026-06-26 0:00:00","Not Available"
"3256812394485190","New product tasting price Ice Cream Squishy Toy, Summer Sensory Stress Relief Squeeze Squishy, Popsicle Squishy for Easter Bask","US $21.16","US $132.27","84%","https://aliexpress.com/item/3256812394485190.html","https://ae-pic-a1.aliexpress-media.com/kf/Sc0db377946064638b5c7c7aa2635817eg.jpg","Not Available","Not Available","Not Available","Not Available","Not Available","US","Not Available","Not Available","Not Available","Free","2026-06-24 0:00:00","Not Available"
"3256812415338050","Dumpling Squishy Mystery Box, Squishy Toys, Viral Toy, Stocking Basket Stuffers for,Christmas Party Favors for Boy Girl, Stress","US $45.32","US $135.15","66%","https://aliexpress.com/item/3256812415338050.html","https://ae-pic-a1.aliexpress-media.com/kf/S22b15a07e6ed4fbc81ac9bc283a32bf4u.jpg","Not Available","Not Available","Not Available","Not Available","Not Available","US","Not Available","Not Available","Not Available","Free","2026-06-26 0:00:00","Not Available"
"3256812394614792","New product tasting price Anirollz [Surprise Capsule Series 2] Cute Water Filled SquiSHU Squishy Toys [Birthday Gift Bags, Part","US $39.68","US $132.27","70%","https://aliexpress.com/item/3256812394614792.html","https://ae-pic-a1.aliexpress-media.com/kf/Sca891967c7264dc4b816516c9eceb0972.jpg","Not Available","Not Available","Not Available","Not Available","Not Available","US","Not Available","Not Available","Not Available","Free","2026-06-24 0:00:00","Not Available"
"3256812394499022","New product tasting price Stretchy Gorilla Fidget Toy, 5X Stretch Blue Gorilla Squeeze Toy, Sand Filled Squishy Stress Relief T","US $91.32","US $304.39","70%","https://aliexpress.com/item/3256812394499022.html","https://ae-pic-a1.aliexpress-media.com/kf/S1c83c1c58e8b44c689be86ceeed6cffeq.jpg","Not Available","Not Available","Not Available","Not Available","Not Available","US","Not Available","Not Available","Not Available","Free","2026-06-24 0:00:00","Not Available"
"3256812394726252","New product tasting price 2026 Upgrade Cheese Dumpling Squishy Stress Relief Original Sensory Food Squishy Stress Relief Fidget","US $115.15","US $383.83","70%","https://aliexpress.com/item/3256812394726252.html","https://ae-pic-a1.aliexpress-media.com/kf/Sf9c166de70554140a195921654144aa0d.jpg","Not Available","Not Available","Not Available","Not Available","Not Available","US","Not Available","Not Available","Not Available","Free","2026-06-24 0:00:00","Not Available"
"3256812394686327","New product tasting price Stress Relief Toy, Green Apple Squishy, Squishy Apple Slow Rising Fruit Squishies, Clear Cute Fruit S","US $39.68","US $132.27","70%","https://aliexpress.com/item/3256812394686327.html","https://ae-pic-a1.aliexpress-media.com/kf/S82ad6549f1f54a46835dd4a7494dbc8fB.jpg","Not Available","Not Available","Not Available","Not Available","Not Available","US","Not Available","Not Available","Not Available","Free","2026-06-24 0:00:00","Not Available"
"3256812394503084","New product tasting price 5Pcs Taba Squishies Kit, Squishies Fidget Toys, Including Strawberry, Cat Paw, Hamster Toy, Stress Re","US $138.94","US $463.14","70%","https://aliexpress.com/item/3256812394503084.html","https://ae-pic-a1.aliexpress-media.com/kf/Sc85c5fcf00e04079ac269cd1e7b89c4eU.jpg","Not Available","Not Available","Not Available","Not Available","Not Available","US","Not Available","Not Available","Not Available","Free","2026-06-24 0:00:00","Not Available"
"3256812394666494","New product tasting price Axolotl Squishy Stress Ball, Soft Slow Rising Stress Relief Toy, Cute Slow Rising Fidget Toy for Stre","US $39.68","US $132.27","70%","https://aliexpress.com/item/3256812394666494.html","https://ae-pic-a1.aliexpress-media.com/kf/Se64c3a851663439995951d46846c1335b.jpg","Not Available","Not Available","Not Available","Not Available","Not Available","US","Not Available","Not Available","Not Available","Free","2026-06-24 0:00:00","Not Available"
"3256812399793832","New product tasting price 2Pcs Jellyfish Squishy and Mint Ice Cube, Slow Rising Ocean Squishy Set, Malt Sugar Squeeze Squishies","US $50.80","US $169.34","70%","https://aliexpress.com/item/3256812399793832.html","https://ae-pic-a1.aliexpress-media.com/kf/S93e82e6869ae4049b76b748e5af072ebR.jpg","Not Available","Not Available","Not Available","Not Available","Not Available","US","Not Available","Not Available","Not Available","Free","2026-06-24 0:00:00","Not Available"
"3256812394004618","2pcs or 1pc peach-shaped squeeze toy for stress relief slow rebound squishy ball ideal for office party home birthday gift","US $3.09","US $9.22","66%","https://aliexpress.com/item/3256812394004618.html","https://ae-pic-a1.aliexpress-media.com/kf/S18901586c97441a998e2df7e8b0cedfaW.jpg","Not Available","Not Available","Not Available","Not Available","Not Available","US","Not Available","Not Available","Not Available","Free","2026-06-24 0:00:00","Not Available"
"3256812400486826","Stress Hog Toy - Unique Stress Balls for Adults and Teenagers Squishy Fidget Toys for Anxiety - Cool Desk Accessories Cute Hedg","US $63.28","US $188.72","66%","https://aliexpress.com/item/3256812400486826.html","https://ae-pic-a1.aliexpress-media.com/kf/S4d5f15d4da79436a86f396da8a74dd50p.jpg","Not Available","Not Available","Not Available","Not Available","Not Available","US","Not Available","Not Available","Not Available","Free","2026-06-25 0:00:00","Not Available"
"3256812394552748","New product tasting price 2 Pcs Stress Balls, Water Drop Squishies Squeeze Toys, Stress Relief Fidget Sensory Toy for with Auti","US $91.28","US $304.26","70%","https://aliexpress.com/item/3256812394552748.html","https://ae-pic-a1.aliexpress-media.com/kf/Sfda48f547ef5457d8a35beb94f7c8528q.jpg","Not Available","Not Available","Not Available","Not Available","Not Available","US","Not Available","Not Available","Not Available","Free","2026-06-24 0:00:00","Not Available"
"3256812399959315","Sticky Cookie Squishies Fidget Toys Adults, Squeeze Toys Sensory Toys with Autism, Stress Balls for Adults Fidgets Birthday Gif","US $47.62","US $158.75","70%","https://aliexpress.com/item/3256812399959315.html","https://ae-pic-a1.aliexpress-media.com/kf/S200c477819f947ba91f9b6fbc9ebe3b9w.jpg","Not Available","Not Available","Not Available","Not Available","Not Available","US","Not Available","Not Available","Not Available","Free","2026-06-24 0:00:00","Not Available"
"3256812399893756","Puppy Taba Dog Squishy - Ultra Soft Silicone Dog Squishy, Handmade Stress-Relief Toys for and Adults, Non-Toxic Squeeze Toys fo","US $35.71","US $119.03","70%","https://aliexpress.com/item/3256812399893756.html","https://ae-pic-a1.aliexpress-media.com/kf/S881d16afe13444d987decd2d750b2c02c.jpg","Not Available","Not Available","Not Available","Not Available","Not Available","US","Not Available","Not Available","Not Available","Free","2026-06-24 0:00:00","Not Available"
"3256812408713811","2026 NEW Smushers Squishy, Curiosities Dog Face Swap Squishy , Soft Moldable Cute Slow Rise Squeeze , Relaxing Sensory","US $5.21","US $38.32","86%","https://aliexpress.com/item/3256812408713811.html","https://ae-pic-a1.aliexpress-media.com/kf/S0c1a37cf1c284618a962fe3cad9b9501H.jpg","Not Available","Not Available","Not Available","Not Available","Not Available","US","Not Available","1 sold","1","Free","2026-06-25 0:00:00","Not Available"
"3256812399841553","New product tasting price 0 Pack Taba Squishy Toys kit with Toy Box and Cute Stickers, Kawaii taba Squishies Stress Relief Toys","US $59.54","US $198.47","70%","https://aliexpress.com/item/3256812399841553.html","https://ae-pic-a1.aliexpress-media.com/kf/Sb1703e2d2d9e4d8e838e941ff81d6d8cw.jpg","Not Available","Not Available","Not Available","Not Available","Not Available","US","Not Available","Not Available","Not Available","Free","2026-06-24 0:00:00","Not Available"
"3256812399967273","Jumbo Squishies Slow Rising, 4 Pack, Squishy Animals, Squeeze Toys for","US $39.52","US $131.74","70%","https://aliexpress.com/item/3256812399967273.html","https://ae-pic-a1.aliexpress-media.com/kf/Sc8aa53ad08024a3081d51e5666319f26Z.jpg","Not Available","Not Available","Not Available","Not Available","Not Available","US","Not Available","Not Available","Not Available","Free","2026-06-24 0:00:00","Not Available"
"3256812399730035","New product tasting price Dumpling Squishies, 3.4inch Colorful Dumpling Stress Balls, Fidget Sensory Toy, Squeeze Dough Ball St","US $25.38","US $84.60","70%","https://aliexpress.com/item/3256812399730035.html","https://ae-pic-a1.aliexpress-media.com/kf/S384c27c661f34e39b09ff00a31a3b108p.jpg","Not Available","Not Available","Not Available","Not Available","Not Available","US","Not Available","Not Available","Not Available","Free","2026-06-24 0:00:00","Not Available"
"3256812399759737","New product tasting price 2 Pack Butter Squishy Fidget Toy, Realistic Butter Stick Slow Rising Squeeze Toy, Super Soft Non-Stic","US $63.51","US $211.71","70%","https://aliexpress.com/item/3256812399759737.html","https://ae-pic-a1.aliexpress-media.com/kf/S23ed8d4c913e4861b59d84933036df85l.jpg","Not Available","Not Available","Not Available","Not Available","Not Available","US","Not Available","Not Available","Not Available","Free","2026-06-24 0:00:00","Not Available"
"3256812399873406","New product tasting price Kalma Kitty Stress Relief Toy Unique Stress Balls for Adults and Teens - Squishy Fidget Toys for Anxi","US $55.41","US $184.70","70%","https://aliexpress.com/item/3256812399873406.html","https://ae-pic-a1.aliexpress-media.com/kf/S3f6b1b5254384bc58d9ffb7d34760f376.jpg","Not Available","Not Available","Not Available","Not Available","Not Available","US","Not Available","Not Available","Not Available","Free","2026-06-24 0:00:00","Not Available"
"3256812394520998","New product tasting price 2PCS Butter Squishy Stress Toy, Realistic Butter Stick Fidget, Slow Rising Soft Squeeze Toy for Adult","US $51.60","US $171.99","70%","https://aliexpress.com/item/3256812394520998.html","https://ae-pic-a1.aliexpress-media.com/kf/Se6c7d6e19d0a4ebaae07f84fba78a3bcR.jpg","Not Available","Not Available","Not Available","Not Available","Not Available","US","Not Available","Not Available","Not Available","Free","2026-06-24 0:00:00","Not Available"
"3256812399939289","New product tasting price 4 PCS Silicone Stress Relief Squishy, Cookie Sticky Taba Squishy Fidget Toys Adults, Ultra-Soft Squee","US $39.68","US $132.27","70%","https://aliexpress.com/item/3256812399939289.html","https://ae-pic-a1.aliexpress-media.com/kf/S2269745cbbcf4adabfc651f9498ebeb4p.jpg","Not Available","Not Available","Not Available","Not Available","Not Available","US","Not Available","Not Available","Not Available","Free","2026-06-24 0:00:00","Not Available"
"3256812399883624","New product tasting price 30Pcs Mini Taba Squishies Kit Fidget Toys, Include Mini Taba Squishies Pack with 24 Easter Cards, Kaw","US $107.17","US $357.22","70%","https://aliexpress.com/item/3256812399883624.html","https://ae-pic-a1.aliexpress-media.com/kf/Sa1e9228c189a4493ae4601a07e04b8aca.jpg","Not Available","Not Available","Not Available","Not Available","Not Available","US","Not Available","Not Available","Not Available","Free","2026-06-24 0:00:00","Not Available"
"3256812394666374","New product tasting price Galaxy Color-Changing Putty, Slime for 4.2oz, Therapy Putty, Fidget Toys Adults, Squishy Sensory Toys","US $32.68","US $171.99","81%","https://aliexpress.com/item/3256812394666374.html","https://ae-pic-a1.aliexpress-media.com/kf/Sb6852dc9faad4293ab562305d7be3dcbo.jpg","Not Available","Not Available","Not Available","Not Available","Not Available","US","Not Available","Not Available","Not Available","Free","2026-06-24 0:00:00","Not Available"
"3256812405558099","Premium Block Cube Squishy-Squishy Stress Cube, Slow Rise Fidget Cube Squishies Sensory Soft High Density Ice Squeeze Ball Fidg","US $45.32","US $135.15","66%","https://aliexpress.com/item/3256812405558099.html","https://ae-pic-a1.aliexpress-media.com/kf/S6786e216217f4c65a1aedf3063233372h.jpg","Not Available","Not Available","Not Available","Not Available","Not Available","US","Not Available","Not Available","Not Available","Free","2026-06-25 0:00:00","Not Available"
"3256812394473014","New product tasting price 6Pcs Big Taba Squishy Fidget Toys-3.5in, Handmade Ultra Soft Chick Taba Squishy Kit, Cute Fidget Toys","US $35.71","US $119.03","70%","https://aliexpress.com/item/3256812394473014.html","https://ae-pic-a1.aliexpress-media.com/kf/Sc83b155c604941ba9ac6a4e236b0c4e1D.jpg","Not Available","Not Available","Not Available","Not Available","Not Available","US","Not Available","Not Available","Not Available","Free","2026-06-24 0:00:00","Not Available"
"3256812406129433","Fidget Squishy Soft Slow Rising Square Carrot Stress Balls Gel-Filled Fidget Sensory Toys for Adults Teens Anxiety Relief Funny","US $56.62","US $168.84","66%","https://aliexpress.com/item/3256812406129433.html","https://ae-pic-a1.aliexpress-media.com/kf/S001e8129bf5b447a954dd626706b9247d.jpg","Not Available","Not Available","Not Available","Not Available","Not Available","US","Not Available","Not Available","Not Available","Free","2026-06-25 0:00:00","Not Available"
"3256812399684219","New product tasting price Banana Squishies Stress Relief Soft Scented Simulation Bananas Fruit Squeeze Toys Cute Birthday Gift","US $51.60","US $171.99","70%","https://aliexpress.com/item/3256812399684219.html","https://ae-pic-a1.aliexpress-media.com/kf/S2a0aefbcc8284116890b3c211a2f5792d.jpg","Not Available","Not Available","Not Available","Not Available","Not Available","US","Not Available","Not Available","Not Available","Free","2026-06-24 0:00:00","Not Available"
"3256812409892872","Butter Slow Rising Squishy Squishy Toy, Dumpling Stress Balls PU Materia Fidget Toy for Office or Party Favor","US $45.28","US $135.02","66%","https://aliexpress.com/item/3256812409892872.html","https://ae-pic-a1.aliexpress-media.com/kf/S5f18f0c0772c418fac3770ba970c5f1aH.jpg","Not Available","Not Available","Not Available","Not Available","Not Available","US","Not Available","Not Available","Not Available","Free","2026-06-26 0:00:00","Not Available"
"3256812399877673","New product tasting price Strawberry Squishy, Realistic Strawberry Ball Relieve Stress and Anxiety, Party Favor Slow Rise Press","US $37.71","US $198.47","81%","https://aliexpress.com/item/3256812399877673.html","https://ae-pic-a1.aliexpress-media.com/kf/S4f8bd5ae1a6d475aa5d240b6ef088785j.jpg","Not Available","Not Available","Not Available","Not Available","Not Available","US","Not Available","Not Available","Not Available","Free","2026-06-24 0:00:00","Not Available"
"3256812409870815","Pusheen The Cat [Surprise Blind Capsule] [Fruits Series] Cute Water Filled Squishy Toy [Birthday Gift Bags, Party Favors, Gift","US $42.37","US $126.36","66%","https://aliexpress.com/item/3256812409870815.html","https://ae-pic-a1.aliexpress-media.com/kf/S3c716a2c64f54c999ab16614b7e39e53T.jpg","Not Available","Not Available","Not Available","Not Available","Not Available","US","Not Available","Not Available","Not Available","Free","2026-06-26 0:00:00","Not Available"
"3256812405751542","Stress Cube Squishy Toy, 2.0 Inch Slow Rising Fidget Stress Ball, Moon Texture Sensory Toy for Adults and,Leakproof Squeeze Cub","US $36.24","US $108.09","66%","https://aliexpress.com/item/3256812405751542.html","https://ae-pic-a1.aliexpress-media.com/kf/S008bf0a2c3fc45f089ec410159e5900ea.jpg","Not Available","Not Available","Not Available","Not Available","Not Available","US","Not Available","Not Available","Not Available","Free","2026-06-25 0:00:00","Not Available"
"3256812411674562","Colorful Dumpling Squishes Stress Balls Squeeze Dough Ball Squishy Bun Anxiety Relief Adult Squeeze Toy Anti Stress ADHD ADD","US $3.61","US $22.58","84%","https://aliexpress.com/item/3256812411674562.html","https://ae-pic-a1.aliexpress-media.com/kf/S47113681795c47ca8bfaa1bc38c887ebz.jpg","Not Available","Not Available","Not Available","Not Available","Not Available","US","Not Available","Not Available","Not Available","Free","2026-06-26 0:00:00","Not Available"
"3256812399895429","New product tasting price Dumpling Squishy Mystery Box, Viral Squishy Dumpling Toy, Bao Bun Squeeze Stress Relief Fidget Toys f","US $31.74","US $105.79","70%","https://aliexpress.com/item/3256812399895429.html","https://ae-pic-a1.aliexpress-media.com/kf/Sefbb45eac3ea49b5a3a3d20e24d9eb463.jpg","Not Available","Not Available","Not Available","Not Available","Not Available","US","Not Available","Not Available","Not Available","Free","2026-06-24 0:00:00","Not Available"
"3256812344193965","5Pcs Cat Paw Slow Rising Stress Relief Toys Squishy Sticky Pulling Stretchy Anxiety Reducer Fidget Toys for Kids Adults Office Desk School Calm Down Creative Mini Gift Set","US $23.70","US $70.68","66%","https://aliexpress.com/item/3256812344193965.html","https://ae-pic-a1.aliexpress-media.com/kf/S727f31722a6b4cf28705d25203a94ad9R.jpg","Not Available","Not Available","Not Available","Not Available","Not Available","US","Not Available","Not Available","Not Available","Free","2026-06-16 0:00:00","Not Available"
"3256812399804023","00 Pack Squishies Toys, Tiny Mochi Squishy Fidget Toys Random Bulk Party Favors for 4- 8 8-2 Goodie Bag Pinata Stocking Stuffer","US $67.48","US $224.95","70%","https://aliexpress.com/item/3256812399804023.html","https://ae-pic-a1.aliexpress-media.com/kf/S9ca2b573334b410b8d56055ad6e0bc15J.jpg","Not Available","Not Available","Not Available","Not Available","Not Available","US","Not Available","Not Available","Not Available","Free","2026-06-24 0:00:00","Not Available"
"3256812415722786","Dumpling Squishy Mystery Box, Random 1 of 12 Colors, Cute Squishy Dumpling Toy, Slow Rising Squeeze Toy, Sensory Fidget Toys fo","US $45.32","US $135.15","66%","https://aliexpress.com/item/3256812415722786.html","https://ae-pic-a1.aliexpress-media.com/kf/S21eb7c8d8e134dd5a8110e8b664b61b1i.jpg","Not Available","Not Available","Not Available","Not Available","Not Available","US","Not Available","Not Available","Not Available","Free","2026-06-27 0:00:00","Not Available"
"3256812415428212","2 Pack Food Squishy Toy, Gold DumplingsandButter Slow Rising Squeeze Fidget Stress Ball Toys, Squeeze Toy for Anxiety Relief, B","US $81.61","US $243.38","66%","https://aliexpress.com/item/3256812415428212.html","https://ae-pic-a1.aliexpress-media.com/kf/S810d1dd3a9ec478b8bda9fedd9d2bb79v.jpg","Not Available","Not Available","Not Available","Not Available","Not Available","US","Not Available","Not Available","Not Available","Free","2026-06-26 0:00:00","Not Available"
"3256812415677876","Mini Cubes Squishy Fidget Toys Squeeze Toys- 24Pack Stress Cubes Mini Bulk Sensory Squishies Nice Ice Cube Balls for Adults, Pa","US $77.07","US $229.85","66%","https://aliexpress.com/item/3256812415677876.html","https://ae-pic-a1.aliexpress-media.com/kf/S64f46c907534452786d471a4d3ed5f10a.jpg","Not Available","Not Available","Not Available","Not Available","Not Available","US","Not Available","Not Available","Not Available","Free","2026-06-26 0:00:00","Not Available"
"3256812415598054","2Pcs Axolotl Squishy, Squeeze Stress Cute Fish Toy, Funny Cute Squishy Blobofish Toy, Sparkle Stress and Anxieties Relief, Port","US $45.32","US $135.15","66%","https://aliexpress.com/item/3256812415598054.html","https://ae-pic-a1.aliexpress-media.com/kf/S419a239af9684479950c7b7ba423cf588.jpg","Not Available","Not Available","Not Available","Not Available","Not Available","US","Not Available","Not Available","Not Available","Free","2026-06-26 0:00:00","Not Available"
"3256812415545113","Shark Dumpling Squishy, Dumpling Squishy with Box, Random 1 of 7 Colors, Colorful Dumplings Squeeze Balls Stress Relief Sensory","US $63.42","US $189.13","66%","https://aliexpress.com/item/3256812415545113.html","https://ae-pic-a1.aliexpress-media.com/kf/Sb6d79777b45943e8aafe5856de203852j.jpg","Not Available","Not Available","Not Available","Not Available","Not Available","US","Not Available","Not Available","Not Available","Free","2026-06-27 0:00:00","Not Available"
"3256812415863520","Mini Mochi Squishy Animals Mystery Ball 1 Ball, 5 Mochi Squishy Toy Slow Rise Squishies for.Anger Management Toys. Kawaii Party","US $45.28","US $135.02","66%","https://aliexpress.com/item/3256812415863520.html","https://ae-pic-a1.aliexpress-media.com/kf/Sad65d181467543ce9d8cad74effd058aF.jpg","Not Available","Not Available","Not Available","Not Available","Not Available","US","Not Available","Not Available","Not Available","Free","2026-06-26 0:00:00","Not Available"
"3256812415876443","Baby Squishy, Sugar Filled Glitter Slow Rising Squishy Babies Sensory Fidget Toys for Stress Relief Purple","US $45.28","US $135.02","66%","https://aliexpress.com/item/3256812415876443.html","https://ae-pic-a1.aliexpress-media.com/kf/Sfcd235a1938f48f4b501e5cca2f63a545.jpg","Not Available","Not Available","Not Available","Not Available","Not Available","US","Not Available","Not Available","Not Available","Free","2026-06-27 0:00:00","Not Available"
"3256812409970911","New Upgraded Smile Face Butter Squishy Toys, Slow Rebound Dumpling Squishy, Soft Stretchy Sensory Squeeze Toys, Stress Relief F","US $36.24","US $108.09","66%","https://aliexpress.com/item/3256812409970911.html","https://ae-pic-a1.aliexpress-media.com/kf/S1dafaf3497964acbb7e2656fb8425a888.jpg","Not Available","Not Available","Not Available","Not Available","Not Available","US","Not Available","Not Available","Not Available","Free","2026-06-26 0:00:00","Not Available"
"3256812415581796","Capybara Squishy Blind Box Glitter Slow Rise Stress Relief Toy Mystery Squishy Capybara Fidget Toy for Adults, Random Color Cut","US $54.38","US $162.20","66%","https://aliexpress.com/item/3256812415581796.html","https://ae-pic-a1.aliexpress-media.com/kf/Sd784b271dabb415786e13c40c661215cr.jpg","Not Available","Not Available","Not Available","Not Available","Not Available","US","Not Available","Not Available","Not Available","Free","2026-06-26 0:00:00","Not Available"
"3256812414165610","Realistic Peanut Slow Rebound Squishy Toy Stress Relief Squeeze Fidget Toy Office Desktop Essential Decor Decompression Gadget For Staff Colleague Gift","US $7.50","US $29.39","74%","https://aliexpress.com/item/3256812414165610.html","https://ae-pic-a1.aliexpress-media.com/kf/S7fbd17dbfc2a40eb9c04d0cc0dcbc323n.png","Not Available","Not Available","Not Available","Not Available","Not Available","US","Not Available","Not Available","Not Available","Free","2026-06-26 0:00:00","Not Available"
"3256812421339617","PolySquish Discovery Series - Blind Box- Mystery Squishy - Color Mixing Sensory Stress Relief Toy - Tactile Fidget - 16 Shape a","US $67.82","US $202.25","66%","https://aliexpress.com/item/3256812421339617.html","https://ae-pic-a1.aliexpress-media.com/kf/S59ccd8f90e274241825af05decda35eeS.jpg","Not Available","Not Available","Not Available","Not Available","Not Available","US","Not Available","Not Available","Not Available","Free","2026-06-27 0:00:00","Not Available"
"3256812374478994","Squishy Plasticity Mochi Fidget Toys Transparency Coconut Oil Maltose Squeeze Toy Funny Anti-stress Sensory Toy for Adults Gifts","US $5.22","US $43.49","87%","https://aliexpress.com/item/3256812374478994.html","https://ae-pic-a1.aliexpress-media.com/kf/S9dacbe66d24045128bfd2ed97915b4eeU.jpg","Not Available","Not Available","Not Available","Not Available","Not Available","US","Not Available","Not Available","Not Available","Free","2026-06-22 0:00:00","Not Available"
"3256812415711862","30 Packs Party Favors, Slow Rising Animal Squishy Toys with Cupsules, Goodie Bag Stuffers, Birthday Gifts, Treasure Box Toys, C","US $81.61","US $243.38","66%","https://aliexpress.com/item/3256812415711862.html","https://ae-pic-a1.aliexpress-media.com/kf/Sc09a98353b2143d2b791852fdfb98e665.jpg","Not Available","Not Available","Not Available","Not Available","Not Available","US","Not Available","Not Available","Not Available","Free","2026-06-26 0:00:00","Not Available"
"3256812411268200","Maltose Ocean Shells Ice Cube Stress Balls Slow Rebond Stress Relief Squishy Sensory Toys Blue Ice Pinch Toys for Adults Kids","US $6.58","US $19.63","66%","https://aliexpress.com/item/3256812411268200.html","https://ae-pic-a1.aliexpress-media.com/kf/Sa6aab90bfe424a6799a6d65332d0d214i.jpg","Not Available","Not Available","Not Available","Not Available","Not Available","US","Not Available","Not Available","Not Available","Free","2026-06-25 0:00:00","Not Available"
"3256812415548986","Slow Rising Butter Squishy, 2026 New Squishy Butter Stick, Upgrade Stress Relief Fidget Toys Wet Slow Rebound Stress Relief Toy","US $31.66","US $94.43","66%","https://aliexpress.com/item/3256812415548986.html","https://ae-pic-a1.aliexpress-media.com/kf/S6577cb3eefc34f0b947870278b770e01T.jpg","Not Available","Not Available","Not Available","Not Available","Not Available","US","Not Available","Not Available","Not Available","Free","2026-06-27 0:00:00","Not Available"
"3256812421352120","Stress Balls for Adults, Leak-Proof Mini Stress Balls, Reinforced Textured Squishies Non-Sticky, Washable Squeeze Anxiety Relie","US $30.30","US $90.37","66%","https://aliexpress.com/item/3256812421352120.html","https://ae-pic-a1.aliexpress-media.com/kf/S1274c0b396f848d3b686ed2fd5a20610N.jpg","Not Available","Not Available","Not Available","Not Available","Not Available","US","Not Available","Not Available","Not Available","Free","2026-06-27 0:00:00","Not Available"
"3256812422127967","1pc Swimming Pool Squeeze Squishy Toys Maltose Stress Relief Slow Rebound Fidget Toy Mochi Squishy Stress Reliever summer Toys","US $6.47","US $58.85","89%","https://aliexpress.com/item/3256812422127967.html","https://ae-pic-a1.aliexpress-media.com/kf/Sa58e0f167ecb413eb39cfd6ab144f87dt.jpg","Not Available","Not Available","Not Available","Not Available","Not Available","US","Not Available","Not Available","Not Available","Free","2026-06-27 0:00:00","Not Available"
"3256812394487175","New product tasting price 22PCS Squishy Toys, Adorable Squeeze Toys Set, Fidget Toys Kit for and Adults, Squishies Ideal for An","US $103.23","US $344.11","70%","https://aliexpress.com/item/3256812394487175.html","https://ae-pic-a1.aliexpress-media.com/kf/S5d5dcf15f2fd45858a1f12e911e52641q.jpg","Not Available","Not Available","Not Available","Not Available","Not Available","US","Not Available","Not Available","Not Available","Free","2026-06-24 0:00:00","Not Available"
"3256812394608778","New product tasting price 6"" Giant Taba Cute Squishy Strawberry Sensory Fidget Toy, Soft Stretchable TPR Stress Relief Squeeze","US $103.23","US $344.11","70%","https://aliexpress.com/item/3256812394608778.html","https://ae-pic-a1.aliexpress-media.com/kf/S6396da98639c4690bbea1c23c8b0f259L.jpg","Not Available","Not Available","Not Available","Not Available","Not Available","US","Not Available","Not Available","Not Available","Free","2026-06-24 0:00:00","Not Available"
"3256812374520881","1pc Swimming Pool Squeeze Toys Maltose Stress Relief Slow Rebound Fidget Toy Mochi Squishy Stress Reliever Toys Antistress","US $12.44","US $41.44","70%","https://aliexpress.com/item/3256812374520881.html","https://ae-pic-a1.aliexpress-media.com/kf/Scf219f2c06a44828b9cc2b96fdd6b9bfZ.jpg","Not Available","Not Available","Not Available","Not Available","Not Available","US","Not Available","Not Available","Not Available","Free","2026-06-22 0:00:00","Not Available"
"3256812374434808","New Cat Paw Mochi Taba Squishy Fidget Toy Cute Cat Paws Toys Slow Rebound Decompression Toy Super Soft Reduce Stress Toy Gifts","US $10.81","US $36.04","70%","https://aliexpress.com/item/3256812374434808.html","https://ae-pic-a1.aliexpress-media.com/kf/S9842f75f55f74140ad43b398eb6508b3I.jpg","Not Available","Not Available","Not Available","Not Available","Not Available","US","Not Available","Not Available","Not Available","Free","2026-06-22 0:00:00","Not Available"
"3256812386795859","TPR Donut Squeeze Toy, Squishy Toy, Stress Relief Squeeze Toy, Realistic Donut Toy, Funny Toy, Birthday Gift, Prank Prop","US $4.86","US $16.20","70%","https://aliexpress.com/item/3256812386795859.html","https://ae-pic-a1.aliexpress-media.com/kf/Sd631c93684ba45bca80a95fea9825732V.jpg","Not Available","Not Available","Not Available","Not Available","Not Available","US","Not Available","Not Available","Not Available","Free","2026-06-22 0:00:00","Not Available"
"3256812388711911","Pineapple Bun Stress Toy Lifelike Food Squishies Toy Stress Relief Fidget Toy for Kids & Adults Tricky Funny Squeeze Gifts","US $15.26","US $50.85","70%","https://aliexpress.com/item/3256812388711911.html","https://ae-pic-a1.aliexpress-media.com/kf/Sfaad94d3f30e416ea0539ea03f0f02617.jpg","Not Available","Not Available","Not Available","Not Available","Not Available","US","Not Available","Not Available","Not Available","Free","2026-06-23 0:00:00","Not Available"
"3256812378181305","1pc Realistic Stretchy Hamburger Squishy Toy, Stress Relief Squeeze Ball, Cake Decor Model, Novelty Toy","US $4.42","US $14.75","70%","https://aliexpress.com/item/3256812378181305.html","https://ae-pic-a1.aliexpress-media.com/kf/S620b592c2a8b4c62ae4ca87a07fd38c64.jpg","Not Available","Not Available","Not Available","Not Available","Not Available","US","Not Available","Not Available","Not Available","Free","2026-06-21 0:00:00","Not Available"
"3256812394629004","Splat Doll Squishy Toy Hilarious Squeeze Fidget Toy Rubber to Squeeze Stress Relief Sensory Play a Gag Gift Novelty Party Favor","US $47.62","US $158.75","70%","https://aliexpress.com/item/3256812394629004.html","https://ae-pic-a1.aliexpress-media.com/kf/S7f44f11ca57a471f90b860a6baeaac40s.jpg","Not Available","Not Available","Not Available","Not Available","Not Available","US","Not Available","Not Available","Not Available","Free","2026-06-24 0:00:00","Not Available"
"3256812400500721","4 Pcs Ice Cube Fidget Toys Adults, Squishy Fidget Toys Square Stress Balls, Slow Rising Squeeze Toys Anxiety Relief Stress Cube","US $72.54","US $216.32","66%","https://aliexpress.com/item/3256812400500721.html","https://ae-pic-a1.aliexpress-media.com/kf/Sa8de8d7b29614fa09f7806c7dbd9699eB.jpg","Not Available","Not Available","Not Available","Not Available","Not Available","US","Not Available","Not Available","Not Available","Free","2026-06-25 0:00:00","Not Available"
"3256812394487177","New product tasting price 2PCS Mini Dumpling Squishies 2.2in,Dumpling Mystery Box, Soft Squeeze Sensory Toy for Stress Relief,","US $63.51","US $211.71","70%","https://aliexpress.com/item/3256812394487177.html","https://ae-pic-a1.aliexpress-media.com/kf/S80de8e90786f4dab8e0dac2da94780939.jpg","Not Available","Not Available","Not Available","Not Available","Not Available","US","Not Available","Not Available","Not Available","Free","2026-06-24 0:00:00","Not Available"
"3256812394492952","New product tasting price Cat Stress Balls, Cute Cat Squishy Toys for and Adults, Stress Relief Sensory Toys White,Fidget Toys","US $35.71","US $119.03","70%","https://aliexpress.com/item/3256812394492952.html","https://ae-pic-a1.aliexpress-media.com/kf/Sa8fb30fa53fa452c9dda7df485658745l.jpg","Not Available","Not Available","Not Available","Not Available","Not Available","US","Not Available","Not Available","Not Available","Free","2026-06-24 0:00:00","Not Available"
"3256812399849765","New product tasting price 6 Pack Stress Balls Ice Cube with Snowflakes Inside, Sensory Squishy Ice Squeeze Toy Fidget Slow Rise","US $55.57","US $185.23","70%","https://aliexpress.com/item/3256812399849765.html","https://ae-pic-a1.aliexpress-media.com/kf/S348a9ec7aa1244839eba154da8c6bf4b0.jpg","Not Available","Not Available","Not Available","Not Available","Not Available","US","Not Available","Not Available","Not Available","Free","2026-06-24 0:00:00","Not Available"
"3256812399722127","New product tasting price 24Pcs Glitter Heart Squishy Fidget Toys, 4 Colors Slow Rise Stress Relief Squeeze Balls, Malt Sugar S","US $79.40","US $264.67","70%","https://aliexpress.com/item/3256812399722127.html","https://ae-pic-a1.aliexpress-media.com/kf/Sfd2109d31bbe41cdb0b632b5c29e7af2d.jpg","Not Available","Not Available","Not Available","Not Available","Not Available","US","Not Available","Not Available","Not Available","Free","2026-06-24 0:00:00","Not Available"
"3256812438769636","Siamese Puff Food-grade Silicone Squishy Toy, Creamy Soft Adhesive Toy, Taba Squishy, Happy Game Pinching Dessert Toy, Cat Kitty","US $6.58","US $19.63","66%","https://aliexpress.com/item/3256812438769636.html","https://ae-pic-a1.aliexpress-media.com/kf/Sf6cbc76645f94921b4ec4466f50df015L.jpg","Not Available","Not Available","Not Available","Not Available","Not Available","US","Not Available","Not Available","Not Available","Free","2026-06-29 0:00:00","Not Available"
"3256812405482193","3 Pack Mini Stress Cube Squishy Toys, 1.4 Inch Slow Rising Fidget Stress Balls with Snowflake Inside, Anxiety Relief Sensory To","US $58.02","US $173.03","66%","https://aliexpress.com/item/3256812405482193.html","https://ae-pic-a1.aliexpress-media.com/kf/S9cc68831ea964e3e9b4f088508389b8ab.jpg","Not Available","Not Available","Not Available","Not Available","Not Available","US","Not Available","Not Available","Not Available","Free","2026-06-25 0:00:00","Not Available"
"3256812399891562","New product tasting price 9pcs Taba Squishy Pack, Fidget Toys Kit, Include Squishies Party Favors for 4-8 8-2 Treasure Box Toys","US $67.48","US $224.95","70%","https://aliexpress.com/item/3256812399891562.html","https://ae-pic-a1.aliexpress-media.com/kf/S19ec74071ebc42adac9ba260e5a08e7fA.jpg","Not Available","Not Available","Not Available","Not Available","Not Available","US","Not Available","Not Available","Not Available","Free","2026-06-24 0:00:00","Not Available"
"3256812399939380","New product tasting price 50-Pack Squishy Fidget Toys Blind Bags Mini Mochi Squishies Mystery Toys for,Party Favors, Classroom","US $71.46","US $238.19","70%","https://aliexpress.com/item/3256812399939380.html","https://ae-pic-a1.aliexpress-media.com/kf/S93af3a226d3a401ebd1c28acaf6be355d.jpg","Not Available","Not Available","Not Available","Not Available","Not Available","US","Not Available","Not Available","Not Available","Free","2026-06-24 0:00:00","Not Available"
"3256812400255197","Squishy Ice Cube Fidget Toy - Gifts for Men Women Stress Ball for Desk Fidgeting, Soft Sensory Squeeze Toy for Visual Healing a","US $61.64","US $183.85","66%","https://aliexpress.com/item/3256812400255197.html","https://ae-pic-a1.aliexpress-media.com/kf/S179c9e866e76437d8811ea86e3ca1bd9U.jpg","Not Available","Not Available","Not Available","Not Available","Not Available","US","Not Available","Not Available","Not Available","Free","2026-06-25 0:00:00","Not Available"
"3256812399666221","New product tasting price Stress Balls Set, Squishy Stress Ball, 4 Pack Squeeze Ball for Adults, Squeeze Ball for Adults Stress","US $37.69","US $125.65","70%","https://aliexpress.com/item/3256812399666221.html","https://ae-pic-a1.aliexpress-media.com/kf/S91ee7ce932e44ea4afd32ff830c6f3aem.jpg","Not Available","Not Available","Not Available","Not Available","Not Available","US","Not Available","Not Available","Not Available","Free","2026-06-24 0:00:00","Not Available"
"3256812410123066","12 Pcs Animal Soft Squishy Toys Blind Box, Slow Rising Fidget Fidget Squeeze Toys Anxiety Relief","US $66.14","US $197.24","66%","https://aliexpress.com/item/3256812410123066.html","https://ae-pic-a1.aliexpress-media.com/kf/S05bb6f0bbb754113bb53b56dd4dc95fbv.jpg","Not Available","Not Available","Not Available","Not Available","Not Available","US","Not Available","Not Available","Not Available","Free","2026-06-26 0:00:00","Not Available"
"3256812405462210","Ocean Squishy Ice Cube Fidget Toy, Soft Slow Rising Squishy Cube Squeeze Toy with Seashells and Glitter, Ice Cubes Stress Balls","US $40.78","US $121.62","66%","https://aliexpress.com/item/3256812405462210.html","https://ae-pic-a1.aliexpress-media.com/kf/Sfd39bd8e7392432693c3907e06fe75f6H.jpg","Not Available","Not Available","Not Available","Not Available","Not Available","US","Not Available","Not Available","Not Available","Free","2026-06-25 0:00:00","Not Available"
"3256811846623801","2Pcs Kawaii Butter Stick Squishy Toys Slow Rising Squeeze Fidget Portable Soft Sensory Decompression Toy for Stress Anxiety Relief Office Desk Travel Anti-Stress Fake Food Gift Kids Adults","US $6.53","US $15.64","58%","https://aliexpress.com/item/3256811846623801.html","https://ae-pic-a1.aliexpress-media.com/kf/Sb79f190050f7419eac111de20a510314r.jpg","4.9","Not Available","Not Available","Not Available","Not Available","US","Not Available","100K+ sold","100000","Free","2026-04-07 0:00:00","Not Available"
"3256812031912997","Simulation Flash Dumpling Pressure Ball Slow Rebound Soft Pinch Decompression Baozi modeling stress relief toy birthday Gifts","US $3.43","US $11.62","70%","https://aliexpress.com/item/3256812031912997.html","https://ae-pic-a1.aliexpress-media.com/kf/S2d722e4bbbb64accad2fb13033259023q.jpg","4.9","Not Available","Not Available","Not Available","Not Available","US","Not Available","50,000+ sold","50000","Free","2026-05-03 0:00:00","Not Available"
"3256812350052831","Schylling NeeDoh Nice Cube & Nice-Sicle Squishy Fidget Toys – Sensory Stress Relief Squeeze Toys for Kids & Adults, Calm & Focus Desk Toys","US $20.66","US $44.44","53%","https://aliexpress.com/item/3256812350052831.html","https://ae-pic-a1.aliexpress-media.com/kf/A928ee431622c471b954f4f032d253766b.png","4.9","Not Available","Not Available","Not Available","Not Available","US","Not Available","50,000+ sold","50000","Free","2026-06-22 0:00:00","Not Available"
"3256811467879887","Green Apple Pinch Le Green Tea Wave Soda Pinch Shapeable Slow Rebound Maltose Ball Suction Hand Decompression Toy","US $6.05","US $13.76","56%","https://aliexpress.com/item/3256811467879887.html","https://ae-pic-a1.aliexpress-media.com/kf/S4880d4d293ff4f0ba3a7438e9aa91197L.jpg","4.9","Not Available","Not Available","Not Available","Not Available","US","Not Available","10,000+ sold","10000","Free","2026-02-03 0:00:00","Not Available"
"3256812076622133","Schylling Needoh Nice Cube Sensory Fidget Cube Stress Relief Anxiety Sensory Tool for Focus ADHD & Office Desk Calming Gadget","US $5.30","US $13.16","59%","https://aliexpress.com/item/3256812076622133.html","https://ae-pic-a1.aliexpress-media.com/kf/S5380d82afe4c415eaad46cb56be9f5885.jpg","4.9","Not Available","Not Available","Not Available","Not Available","US","Not Available","10,000+ sold","10000","Free","2026-05-09 0:00:00","Not Available"
"3256811468133281","1pc Jumbo Realistic Strawberry Squeeze Toy Glossy TPR Fruit Squishy Sensory Fidget Toy for Stress Relief","US $6.03","US $13.69","55%","https://aliexpress.com/item/3256811468133281.html","https://ae-pic-a1.aliexpress-media.com/kf/S0c38324f0fe74077bc8d23c2a9b60dcf3.jpg","4.9","Not Available","Not Available","Not Available","Not Available","US","Not Available","10,000+ sold","10000","Free","2026-02-03 0:00:00","Not Available"
"3256812337621800","1pc Kids Octopus Water Splash Ball Soft Stretchy TPR Squeeze Toy Random Color Cute Octopus Bath Toy for Swimming Pool Beach Bathtub Summer Outdoor Water Play Game Gift for Boys Girls","US $5.85","US $15.32","61%","https://aliexpress.com/item/3256812337621800.html","https://ae-pic-a1.aliexpress-media.com/kf/S0c85631323e54f2487770c8473ef7670R.jpg","4.9","Not Available","Not Available","Not Available","Not Available","US","Not Available","10,000+ sold","10000","Free","2026-06-15 0:00:00","Not Available"
"3256811986553222","Moldable Slow Rebound Coconut Oil Handmade Squeezing Ball, Anxiety Relief Toy, Fidget Toy, Hand Stress Relief, Easter Toy","US $19.95","US $43.32","53%","https://aliexpress.com/item/3256811986553222.html","https://ae-pic-a1.aliexpress-media.com/kf/Sd18c0c658116404587a36f1353e4ebc6T.jpg","4.9","Not Available","Not Available","Not Available","Not Available","US","Not Available","10,000+ sold","10000","Free","2026-04-25 0:00:00","Not Available"
"3256812184301108","Soft PU Slow Rebound Cartoon Cat Pop Fidget Toy, 1PC Adorable Squeeze Ball, Stress Relief for Kids Adults, Halloween Christmas Gift","US $18.55","US $48.56","61%","https://aliexpress.com/item/3256812184301108.html","https://ae-pic-a1.aliexpress-media.com/kf/S47a8f335f7fe422a937001d94a01da30q.jpg","4.9","Not Available","Not Available","Not Available","Not Available","US","Not Available","10,000+ sold","10000","Free","2026-05-25 0:00:00","Not Available"
"3256812288658471","Ice Cream Squeeze Toy, Stress Relief - Birthday Gift, Christmas Gift, Easter Gift, Perfect Gift, Gift, New Arrival Bestseller, New Arrival Hot Seller, New Arrival","US $2.99","US $6.79","56%","https://aliexpress.com/item/3256812288658471.html","https://ae-pic-a1.aliexpress-media.com/kf/Sdd5e6f8a72d04cc781275614eb00937fC.jpg","4.9","Not Available","Not Available","Not Available","Not Available","US","Not Available","10,000+ sold","10000","Free","2026-06-12 0:00:00","Not Available"
"3256812031908962","1PC Mango Squishy Toy, Super Soft Slow Rising Fruit Stress Ball, Sensory Fidget Toy for Stress Anxiety Relief","US $5.26","US $11.97","56%","https://aliexpress.com/item/3256812031908962.html","https://ae-pic-a1.aliexpress-media.com/kf/S2553a26a217e4f02931d7830cf4d38bcB.jpg","4.9","Not Available","Not Available","Not Available","Not Available","US","Not Available","10,000+ sold","10000","Free","2026-05-03 0:00:00","Not Available"
"3256811990848214","Schylling Needoh Nice Cube Sensory  Nice-Sicle Stress Relief Squishy Cube Anti-Anxiety Squeeze Object For Focus ADHD Population","US $11.05","US $27.84","60%","https://aliexpress.com/item/3256811990848214.html","https://ae-pic-a1.aliexpress-media.com/kf/Sfec3c7c9ab3840e98a770d75a4d423b2g.jpg","4.9","Not Available","Not Available","Not Available","Not Available","US","Not Available","10,000+ sold","10000","Free","2026-04-25 0:00:00","Not Available"
"3256812354805307","cube Shaped Squishy Toy, Slow Rebound Stress Relief Squeeze Toy, Soft Anxiety Relief Sensory Toy, Fun Novelty Gift  Toy Scented Slow Rising Stress Relief Fidget Toy","US $11.35","US $27.34","58%","https://aliexpress.com/item/3256812354805307.html","https://ae-pic-a1.aliexpress-media.com/kf/S69fd34b9f5124e86aa2aba83634e5eadQ.jpg","4.9","Not Available","Not Available","Not Available","Not Available","US","Not Available","5,000+ sold","5000","Free","2026-06-17 0:00:00","Not Available"
"3256812118074430","Mustbuy Needoh Squishies Needoh Nice Cube Cheese Squishy Squishy Stress Ball Squishies Squishy Toys Fidget Toys for Adults Anxie","US $4.20","US $15.77","73%","https://aliexpress.com/item/3256812118074430.html","https://ae-pic-a1.aliexpress-media.com/kf/S56b92b3a08fb4f48ad44f62318900498f.jpg","4.9","Not Available","Not Available","Not Available","Not Available","US","Not Available","5,000+ sold","5000","Free","2026-05-15 0:00:00","Not Available"
"3256812035407933","Cute Bear Maltose Squeeze Toy Dough Colorful Sensory Toy Creative New Item Desk Decoration Stress Relief Doll","US $10.80","US $33.23","67%","https://aliexpress.com/item/3256812035407933.html","https://ae-pic-a1.aliexpress-media.com/kf/S38c803f71fa94dd3b0569c7fb5c1327fy.jpg","4.9","Not Available","Not Available","Not Available","Not Available","US","Not Available","5,000+ sold","5000","Free","2026-05-03 0:00:00","Not Available"
"3256812252367694","1Pc Kawaii Caramel Bread Mechanical Keyboard Switch Tester Keychain Clicky Fidget Toy Sensory Anti Stress Decompression Toys Cute Backpack Pendant Bag Charm Phone Accessory Kids Adults Birthday Gift Christmas Stocking Stuffers Party Favors","US $5.29","US $21.19","75%","https://aliexpress.com/item/3256812252367694.html","https://ae-pic-a1.aliexpress-media.com/kf/Sec48143b28c04b2bae18315eea13b369D.jpg","4.9","Not Available","Not Available","Not Available","Not Available","US","Not Available","5,000+ sold","5000","Free","2026-06-03 0:00:00","Not Available"
"3256812337719541","Crunchy Squishy Stress Ball, Soft Filled Sensory Fidget Toy, Anti-Anxiety Decompression Squeeze Reliever for Kids Adults","US $20.25","US $49.27","58%","https://aliexpress.com/item/3256812337719541.html","https://ae-pic-a1.aliexpress-media.com/kf/Sb5642bf2f4dd43298280a1ad5282484cL.jpg","4.9","Not Available","Not Available","Not Available","Not Available","US","Not Available","5,000+ sold","5000","Free","2026-06-15 0:00:00","Not Available"
"3256812252200157","1pc High-end Matcha Mint Chocolate Handmade Ball Anti Stress Sensory Fidget Toy Cracking Wax Ball Soft Decompression Toys Gift","US $5.03","US $14.00","64%","https://aliexpress.com/item/3256812252200157.html","https://ae-pic-a1.aliexpress-media.com/kf/S884f17732d744023aa95d7cd66c91f33j.jpg","4.9","Not Available","Not Available","Not Available","Not Available","US","Not Available","5,000+ sold","5000","Free","2026-06-03 0:00:00","Not Available"
"3256812512184200","10PCS Mini Fluorescent Chicken Moss Toys for Micro Landscape Chicken Statues for Fairy Tale Garden Accessories for Home","US $4.55","US $10.48","56%","https://aliexpress.com/item/3256812512184200.html","https://ae-pic-a1.aliexpress-media.com/kf/S8df805bf560647ec9b287f9ab6e6b8c0y.jpg","Not Available","Not Available","Not Available","Not Available","Not Available","US","Not Available","5,000+ sold","5000","Free","2026-07-09 0:00:00","Not Available"
"3256812031946894","1Pc Creative Glacier Maltose Stress Ball Clear Transparent Squeeze Toy Stretchy Slow Rising Ice Crystal Tactile Sensory Ball Hand Exercise Grip Fidget Toy Anti Anxiety Stress Relief Decompression Toy Adults Kids ADHD Autism Office Desk Decor Gift","US $5.14","US $15.14","66%","https://aliexpress.com/item/3256812031946894.html","https://ae-pic-a1.aliexpress-media.com/kf/S55f13ff76a5a40c8be5247741b29a6e8W.jpg","4.9","Not Available","Not Available","Not Available","Not Available","US","Not Available","4,000+ sold","4000","Free","2026-05-03 0:00:00","Not Available"
"3256812072248788","Glitter Filled Transparent Squeeze Bun, Soft Flexible Squishy Toy For Teens & Adults","US $20.06","US $51.36","60%","https://aliexpress.com/item/3256812072248788.html","https://ae-pic-a1.aliexpress-media.com/kf/S36e8c804bbd64fa8890bd2f33db849faE.jpg","4.9","Not Available","Not Available","Not Available","Not Available","US","Not Available","4,000+ sold","4000","Free","2026-05-09 0:00:00","Not Available"
"3256812332969180","1pc Flower Portable Hairball Creative Fluff Toy Face Soft Decompression Office Pinch","US $6.41","US $14.74","56%","https://aliexpress.com/item/3256812332969180.html","https://ae-pic-a1.aliexpress-media.com/kf/S5801d728eb034e9488773364087dd065T.jpg","4.9","Not Available","Not Available","Not Available","Not Available","US","Not Available","4,000+ sold","4000","Free","2026-06-15 0:00:00","Not Available"
"3256812288491014","Super Jumbo Strawberry Squishy Slow Rising Antistress for Adults Anti-Anxiety Fidget Toy Kid Grownups Squeeze with Non-Toxic Toy","US $6.54","US $15.03","56%","https://aliexpress.com/item/3256812288491014.html","https://ae-pic-a1.aliexpress-media.com/kf/Seedcddd7c4a64629804325f53410e13dJ.png","4.9","Not Available","Not Available","Not Available","Not Available","US","Not Available","4,000+ sold","4000","Free","2026-06-09 0:00:00","Not Available"
"3256812072398313","Macaron Rice Dumpling Squeeze Ball, Crispy Jelly Texture Pinch Toy, Multi-Crush Stress Relief Fidget","US $6.37","US $14.66","56%","https://aliexpress.com/item/3256812072398313.html","https://ae-pic-a1.aliexpress-media.com/kf/Sf7eb32c837e74ef691bea12720b4ac36F.png","4.9","Not Available","Not Available","Not Available","Not Available","US","Not Available","3,000+ sold","3000","Free","2026-05-09 0:00:00","Not Available"
"3256812293266120","Water Gun Pen Ballpoint Pen Prank Novelty Gadgets for Kids Party Favors 2 in 1 Funny Prank Retractable Pens with Water Spray Pen","US $3.82","US $9.79","60%","https://aliexpress.com/item/3256812293266120.html","https://ae-pic-a1.aliexpress-media.com/kf/Se984acf3c2c345498109876f822206ccH.jpg","4.9","Not Available","Not Available","Not Available","Not Available","US","Not Available","2,000+ sold","2000","Free","2026-06-09 0:00:00","Not Available"
"3256811843830741","Yellow Milk Scent Star Squeeze Toy Slow Rising Pinch Stress Release Toys Super Soft Slow Rebound Decompression Toy Funny Gifts","US $6.16","US $14.00","55%","https://aliexpress.com/item/3256811843830741.html","https://ae-pic-a1.aliexpress-media.com/kf/Sbc047576702a4ce3aa6b96ffd5ad4e8cV.jpg","4.9","Not Available","Not Available","Not Available","Not Available","US","Not Available","2,000+ sold","2000","Free","2026-04-07 0:00:00","Not Available"
"3256812247988659","9 Pack Mini Stress Ball Random Squishy Toy Stress Relief Ball Relieve Work Anxiety Exercise Hand Flexibility Party Favors","US $8.20","US $18.84","56%","https://aliexpress.com/item/3256812247988659.html","https://ae-pic-a1.aliexpress-media.com/kf/See54ed3d649442238cea019238bf3ed5v.jpg","4.9","Not Available","Not Available","Not Available","Not Available","US","Not Available","2,000+ sold","2000","Free","2026-06-03 0:00:00","Not Available"
"3256812332935141","Slow Rising Squishy Blind Box – Soft Mochi Sensory Fidget, Squeeze Stress Relief Toy, Surprise Calming Gift Set","US $22.91","US $45.82","50%","https://aliexpress.com/item/3256812332935141.html","https://ae-pic-a1.aliexpress-media.com/kf/Sca0e127d6039414798bc52e5d6bf660co.jpg","4.9","Not Available","Not Available","Not Available","Not Available","US","Not Available","2,000+ sold","2000","Free","2026-06-17 0:00:00","Not Available"
"3256812293244135","Newest Model Needoh Sensory Toys Drops Maltose Pinch Music Unzip Dream Sensory Toys Wedding Gift to Guests","US $5.01","US $20.05","75%","https://aliexpress.com/item/3256812293244135.html","https://ae-pic-a1.aliexpress-media.com/kf/Scd39db6cd6ac449d8c5b89d8a16a217b6.jpg","4.9","Not Available","Not Available","Not Available","Not Available","US","Not Available","2,000+ sold","2000","Free","2026-06-09 0:00:00","Not Available"
"3256812031895119","1Pc slow rebound strawberry simulation fruit model ornament decompression vent toy pinch","US $6.86","US $15.60","56%","https://aliexpress.com/item/3256812031895119.html","https://ae-pic-a1.aliexpress-media.com/kf/S1643d5baa5794e2ebcf200d6d66d0a9dM.jpg","4.9","Not Available","Not Available","Not Available","Not Available","US","Not Available","2,000+ sold","2000","Free","2026-05-03 0:00:00","Not Available"
"3256812032052382","Smiley face big cage buns pinch music decompression simulation large buns toy pinch music slow rebound","US $18.13","US $39.84","54%","https://aliexpress.com/item/3256812032052382.html","https://ae-pic-a1.aliexpress-media.com/kf/S9b70ab87457b47b186c97277ce9bf0a8P.jpg","4.9","Not Available","Not Available","Not Available","Not Available","US","Not Available","1,000+ sold","1000","Free","2026-05-03 0:00:00","Not Available"
"3256811467798879","Chick Squishy Toy, Office Funny Stress Relief Fidget Toy, Slow Rising Sensory Popping Game for Adults Kids","US $6.44","US $13.63","52%","https://aliexpress.com/item/3256811467798879.html","https://ae-pic-a1.aliexpress-media.com/kf/S0196ec13795e4309a04c681d97b0437cb.png","4.9","Not Available","Not Available","Not Available","Not Available","US","Not Available","1,000+ sold","1000","Free","2026-02-03 0:00:00","Not Available"
"3256811986726677","1pcs New Marble Malt Sugar Stress Relief Toy Malt Sugar - Birthday Gift - Christmas Gift - Perfect Gift - Gift - Collection Display - Hobby Collection - Squeeze","US $11.79","US $31.21","62%","https://aliexpress.com/item/3256811986726677.html","https://ae-pic-a1.aliexpress-media.com/kf/S0eb87e6611644aeebb63df9f098a4450w.jpg","4.9","Not Available","Not Available","Not Available","Not Available","US","Not Available","1,000+ sold","1000","Free","2026-04-25 0:00:00","Not Available"
"3256812247982774","1pc Handmade Mint Dark Chocolate Squeeze Ball, slow rebound with crispy and soft texture. Relieves stress and anxiety for all genders. Nice as party favors and holiday gifts.","US $8.04","US $21.30","62%","https://aliexpress.com/item/3256812247982774.html","https://ae-pic-a1.aliexpress-media.com/kf/S66b592e9f79f4b83a5e88050642c8a3dg.jpg","4.9","Not Available","Not Available","Not Available","Not Available","US","Not Available","1,000+ sold","1000","Free","2026-06-03 0:00:00","Not Available"
"3256812122413271","Glitter Dream Water Drop Aurora Maltose Pinch Le Decompression Cube Grasp Vent Toy","US $7.45","US $16.94","56%","https://aliexpress.com/item/3256812122413271.html","https://ae-pic-a1.aliexpress-media.com/kf/S108b3e3060ef405d8cc01232b13579773.jpg","4.9","Not Available","Not Available","Not Available","Not Available","US","Not Available","1,000+ sold","1000","Free","2026-05-15 0:00:00","Not Available"
"3256812072238779","Fuzz Ball Squishy Toy Wonder Waves Vent Ball Textured Stress Relief Fidget Toy Squeeze for Adults Anti-anxiety Toy","US $6.43","US $16.30","60%","https://aliexpress.com/item/3256812072238779.html","https://ae-pic-a1.aliexpress-media.com/kf/S9cc549acc77046b1940d28746588d16cb.jpg","4.9","Not Available","Not Available","Not Available","Not Available","US","Not Available","1,000+ sold","1000","Free","2026-05-09 0:00:00","Not Available"
"3256812072360385","Maltose drink pinch music creative decompression slow rebound pinch music angry decompression toy","US $5.83","US $15.25","61%","https://aliexpress.com/item/3256812072360385.html","https://ae-pic-a1.aliexpress-media.com/kf/S7c22c1db234a40929c82294adbbe3120i.jpg","4.9","Not Available","Not Available","Not Available","Not Available","US","Not Available","1,000+ sold","1000","Free","2026-05-09 0:00:00","Not Available"
"3256812184542346","2026 New 13.5cm Stress Relief Relief Toy Slow Rising Slow Rebound Toy Squeeze Butter Toy Gift","US $8.80","US $23.00","61%","https://aliexpress.com/item/3256812184542346.html","https://ae-pic-a1.aliexpress-media.com/kf/S8428a95218644050b011fad13cb923fe7.jpg","4.9","Not Available","Not Available","Not Available","Not Available","US","Not Available","1,000+ sold","1000","Free","2026-05-25 0:00:00","Not Available"
"3256812184484499","Large Soft Squishy Red Strawberry - Soft And Squeezable, Large Size Strawberry Cat Paw, Soft Texture, Stress Relief. Suitable For Office, Leisure, Halloween, Christmas, New Year, Birthday, Party Gifts, Cat Supplies, Carnival Prizes, Etc.","US $9.58","US $23.93","59%","https://aliexpress.com/item/3256812184484499.html","https://ae-pic-a1.aliexpress-media.com/kf/Sa35aef54c39f44d08efae6a5d49023acr.jpg","4.9","Not Available","Not Available","Not Available","Not Available","US","Not Available","1,000+ sold","1000","Free","2026-05-25 0:00:00","Not Available"
"3256812122122132","2026 Hot Schylling Needoh Nice Cube Stress Relief Sensory Toy for ADHD Focus and Anxiety Unisex Fidget Tool Soft Squishy Desk","US $10.36","US $25.93","60%","https://aliexpress.com/item/3256812122122132.html","https://ae-pic-a1.aliexpress-media.com/kf/S93416f536cc14863ba4cd6a3ac75e982C.png","4.9","Not Available","Not Available","Not Available","Not Available","US","Not Available","1,000+ sold","1000","Free","2026-05-15 0:00:00","Not Available"
"3256812247978778","Wholesale Squishy Hot-Selling PU Slow-Rebound 18cm Realistic Large Banana Stress-Relief Toy Stress-Relief Gadget","US $10.59","US $26.11","59%","https://aliexpress.com/item/3256812247978778.html","https://ae-pic-a1.aliexpress-media.com/kf/S8789dd8b3f25446cb403ed84ce0f52fbd.jpg","4.9","Not Available","Not Available","Not Available","Not Available","US","Not Available","1,000+ sold","1000","Free","2026-06-03 0:00:00","Not Available"
"3256812076659972","1PC Glow in the Dark Bouncy Ball, Rubber Stress Relief Toy for Kids, Birthday Party Favor, Valentine Gift, Classroom Prize","US $18.18","US $47.58","61%","https://aliexpress.com/item/3256812076659972.html","https://ae-pic-a1.aliexpress-media.com/kf/S286b8a0bd11347ba8db6ad3035e6ee94U.jpg","4.9","Not Available","Not Available","Not Available","Not Available","US","Not Available","1,000+ sold","1000","Free","2026-05-09 0:00:00","Not Available"
"3256812117845195","1Pc Glitter Crystal Swan Duck Squishy Toy, Slow Rising Soft Stress Relief Squeeze Toy, Portable Mini Desk Ornament,","US $25.21","US $62.15","59%","https://aliexpress.com/item/3256812117845195.html","https://ae-pic-a1.aliexpress-media.com/kf/S5952150f580b4efd8fb14c9b2fb15156p.jpg","4.9","Not Available","Not Available","Not Available","Not Available","US","Not Available","1,000+ sold","1000","Free","2026-05-20 0:00:00","Not Available"
"3256812332959142","Colorful Butter Stick Slow Rebound Stress Relief Toy Soft PU Squeeze Toy with Lego Aesthetic Value for Stress Relief","US $4.98","US $13.04","61%","https://aliexpress.com/item/3256812332959142.html","https://ae-pic-a1.aliexpress-media.com/kf/Se66e253e01c34bff8cfffbdf4f948456T.jpg","4.9","Not Available","Not Available","Not Available","Not Available","US","Not Available","1,000+ sold","1000","Free","2026-06-17 0:00:00","Not Available"
"3256812035406037","1Pc Colorful Burr Squeeze Pom Ball Spiky Fidget Toys Tactile Sensory Stress Relief Ball Anti Anxiety Decompression Toy Kids Holiday Party Supplies Halloween Christmas Stocking Stuffers Pinata Fillers","US $4.51","US $14.34","68%","https://aliexpress.com/item/3256812035406037.html","https://ae-pic-a1.aliexpress-media.com/kf/S5b788709cc1443e3a1a541b69a06c53bV.jpg","4.9","Not Available","Not Available","Not Available","Not Available","US","Not Available","1,000+ sold","1000","Free","2026-05-03 0:00:00","Not Available"
"3256812248012696","Maltose Apple Pinch Le decompression toy slow rebound adult decompression artifact fruit pinch","US $4.57","US $10.38","55%","https://aliexpress.com/item/3256812248012696.html","https://ae-pic-a1.aliexpress-media.com/kf/S05d6334bc2bd4081969f02cf162cfa28w.jpg","4.9","Not Available","Not Available","Not Available","Not Available","US","Not Available","900+ sold","900","Free","2026-06-03 0:00:00","Not Available"
"3256812415629839","2 Pcs New Rainbow Butter Squishy Stick Sensory Toy Realistic Slow Rise Stress Relief Toy, Fun Food-Shaped Fidget Toys for Adult","US $44.87","US $133.80","66%","https://aliexpress.com/item/3256812415629839.html","https://ae-pic-a1.aliexpress-media.com/kf/S136d78a6aef94ceea25c527bc37e4cc6M.jpg","Not Available","Not Available","Not Available","Not Available","Not Available","US","Not Available","Not Available","Not Available","Free","2026-06-26 0:00:00","Not Available"
"3256812394586938","New product tasting price Butter Slow Rising Squishy Squishy Toy, Dumpling Stress Balls PU Materia Fidget Toy for Office or Par","US $39.64","US $132.14","70%","https://aliexpress.com/item/3256812394586938.html","https://ae-pic-a1.aliexpress-media.com/kf/S02910b64e2e64fe1a804a89ded79b184s.jpg","Not Available","Not Available","Not Available","Not Available","Not Available","US","Not Available","Not Available","Not Available","Free","2026-06-24 0:00:00","Not Available"
"3256812438717776","Squishy Hamburger Stress Ball Autism Sensory Toy Stress & Anxiety Relief  Toys Pinch Decompression Toy for Adult","US $6.58","US $19.63","66%","https://aliexpress.com/item/3256812438717776.html","https://ae-pic-a1.aliexpress-media.com/kf/S53b131b4b2ff4107a99b1dea6e768752m.jpg","Not Available","Not Available","Not Available","Not Available","Not Available","US","Not Available","Not Available","Not Available","Free","2026-06-29 0:00:00","Not Available"
"3256812394569075","2 Pcak Fidget Stress Balls, Slow Rising Stress Ball for Adults, Hand Therapy Sensory Squishy Ball, Bulk Squishy Squeeze Ball Se","US $61.46","US $323.45","81%","https://aliexpress.com/item/3256812394569075.html","https://ae-pic-a1.aliexpress-media.com/kf/S9cf53dd1d3b949fa9bdebdcec87302acD.jpg","Not Available","Not Available","Not Available","Not Available","Not Available","US","Not Available","Not Available","Not Available","Free","2026-06-24 0:00:00","Not Available"
"3256812409846745","Capybara Squishy Toys Blind Box Figure, Random Design Stress Relief Squeeze, Soft Slow Rising Sensory Toys Classroom Birthday G","US $45.32","US $135.15","66%","https://aliexpress.com/item/3256812409846745.html","https://ae-pic-a1.aliexpress-media.com/kf/S4cf41f8d21e64eeb8670ed457695260c6.jpg","Not Available","Not Available","Not Available","Not Available","Not Available","US","Not Available","Not Available","Not Available","Free","2026-06-26 0:00:00","Not Available"
"3256812410380287","Dumpling Squishy Mystery Box Blind Box Rainbow Glitter Dumpling Squishy Toy Surprise Random Color Squishy Dumpling Stress Ball","US $77.11","US $229.98","66%","https://aliexpress.com/item/3256812410380287.html","https://ae-pic-a1.aliexpress-media.com/kf/Scca0407c26044e299534a4ecde625b0dG.jpg","Not Available","Not Available","Not Available","Not Available","Not Available","US","Not Available","Not Available","Not Available","Free","2026-06-26 0:00:00","Not Available"
"3256812399803808","New product tasting price 2Pack Fidget Toys Squishy Cute Bear Squeeze Ball, Bulk Squishy Fidget Squeeze Play Toys Pull Stretch","US $73.48","US $244.94","70%","https://aliexpress.com/item/3256812399803808.html","https://ae-pic-a1.aliexpress-media.com/kf/S9bc33084c50e419aa7fad6dc9124d692l.jpg","Not Available","Not Available","Not Available","Not Available","Not Available","US","Not Available","Not Available","Not Available","Free","2026-06-24 0:00:00","Not Available"
"3256812400129075","Premium MEGA Cube Oversized Heavy-Duty Squishy Fidget Toy for Big Hands and Adults, Ultra-Firm Gel for Stress Relief and Sensor","US $63.46","US $189.26","66%","https://aliexpress.com/item/3256812400129075.html","https://ae-pic-a1.aliexpress-media.com/kf/S1f5a86cc2123465aa48f3a1ae87e8241x.jpg","Not Available","Not Available","Not Available","Not Available","Not Available","US","Not Available","Not Available","Not Available","Free","2026-06-25 0:00:00","Not Available"
"3256812421381975","2/4pcs Squishy Stress Cube Slow Rebound Stress Relieving Balls, Ice Cubes Marine Shells Squishies Toy, TPR Ice Cube Soft Stress","US $36.20","US $107.96","66%","https://aliexpress.com/item/3256812421381975.html","https://ae-pic-a1.aliexpress-media.com/kf/S90bd53d39cb94146a7a2ed1ebdfa99b3V.jpg","Not Available","Not Available","Not Available","Not Available","Not Available","US","Not Available","Not Available","Not Available","Free","2026-06-27 0:00:00","Not Available"
"3256812421146233","Dumplings Squishys Mystery Box, Random 1 of 24 Colors, Slow Rising Squeeze Toy, Sensory Fidget Toys for Anxiety Relief, Collect","US $77.07","US $229.85","66%","https://aliexpress.com/item/3256812421146233.html","https://ae-pic-a1.aliexpress-media.com/kf/S8ed4578c838444f58b0e183a61c2b5ddM.jpg","Not Available","Not Available","Not Available","Not Available","Not Available","US","Not Available","Not Available","Not Available","Free","2026-06-27 0:00:00","Not Available"
"3256812414075023","2PCS Realistic Banana Squishy Toys Fruit Squeeze Fidget Ball Sensory Stress Relief Cute Kids Birthday Gift Kawaii Desk Decor","US $10.79","US $98.17","89%","https://aliexpress.com/item/3256812414075023.html","https://ae-pic-a1.aliexpress-media.com/kf/S1aa50e8789a042518b9a31b19fac9b51w.png","Not Available","Not Available","Not Available","Not Available","Not Available","US","Not Available","Not Available","Not Available","Free","2026-06-26 0:00:00","Not Available"
"3256812438855260","Nailong Squishy Toy Cute Funny Stress Relief Squeeze Doll Popular Kids Surprise Small Gifts","US $6.58","US $19.63","66%","https://aliexpress.com/item/3256812438855260.html","https://ae-pic-a1.aliexpress-media.com/kf/Sedfc4437ce18470aac25f93041a7bc495.jpg","Not Available","Not Available","Not Available","Not Available","Not Available","US","Not Available","Not Available","Not Available","Free","2026-06-29 0:00:00","Not Available"
"3256812438913372","Heart Shape Slow Rising Squishys Fidget Toys and Stress Relievers Anti Stress Ball Squeeze Toy Purple Cute Stress Relief Toys","US $6.58","US $19.63","66%","https://aliexpress.com/item/3256812438913372.html","https:","4.9","Not Available","Not Available","Not Available","Not Available","US","Not Available","","","Free","","Not Available"